real1,pred1,real12,pred12
20.8,17.768684,27.0,22.805843
17.7,22.97175,24.1,23.65037
15.5,19.164873,25.7,22.986183
22.9,19.04993,23.9,23.859188
22.6,25.716703,19.6,24.890093
24.2,24.759459,26.1,24.581009
22.2,24.6373,27.9,24.319752
21.7,20.351112,31.1,23.243238
24.7,22.624878,28.9,22.494871
25.9,25.480824,29.7,23.931635
25.3,26.107954,28.6,24.488804
27.0,25.259518,29.0,23.059029
24.1,26.684896,31.5,23.559664
25.7,23.496284,32.2,22.8752
23.9,25.340593,21.8,23.302748
19.6,22.339857,18.3,23.10978
26.1,20.530775,24.6,23.331844
27.9,26.989979,28.7,24.856768
31.1,27.25174,31.1,25.424473
28.9,28.075167,35.1,26.77007
29.7,27.303225,20.4,26.955357
28.6,29.034565,24.5,27.35828
29.0,28.491066,24.3,27.37467
31.5,29.201504,17.1,27.619463
32.2,30.57701,15.3,27.949
21.8,29.741137,13.9,27.653622
18.3,19.482264,15.6,25.840195
24.6,22.820957,17.3,26.431965
28.7,26.584549,20.0,26.821175
31.1,29.82751,21.4,27.711584
35.1,29.562548,19.8,28.871529
20.4,30.033722,20.8,29.164066
24.5,21.736084,21.2,27.437487
24.3,27.164385,23.3,26.728071
17.1,24.851719,26.2,26.47585
15.3,18.481134,26.0,25.48085
13.9,15.194353,21.7,23.821848
15.6,15.290813,24.4,22.544544
17.3,17.624863,26.0,21.744883
20.0,18.77507,29.9,21.820478
21.4,22.415958,31.2,22.55868
19.8,22.05945,31.7,21.496887
20.8,20.377758,31.0,20.08047
21.2,20.722242,28.4,19.193932
23.3,20.291416,26.8,19.621843
26.2,22.419006,26.0,19.260145
26.0,21.692976,27.2,18.283497
21.7,21.552277,27.8,18.278837
24.4,20.440346,29.1,18.25617
26.0,23.503416,29.9,19.06884
29.9,25.51934,24.4,21.21076
31.2,28.091795,20.2,23.047937
31.7,29.829409,22.5,23.968258
31.0,30.183887,21.9,25.437887
28.4,28.958073,23.3,25.472109
26.8,27.55461,18.5,25.709728
26.0,26.301764,18.0,25.828535
27.2,27.030796,18.0,26.700377
27.8,27.135366,16.7,26.497404
29.1,28.309834,21.5,26.698154
29.9,30.07323,23.8,28.113674
24.4,27.320377,26.1,27.802786
20.2,22.466228,21.1,26.966639
22.5,22.058298,21.9,26.313206
21.9,23.041948,24.1,26.133873
23.3,23.763546,28.1,25.860495
18.5,21.817434,19.0,24.80637
18.0,17.078968,22.3,23.41898
18.0,17.073895,18.2,22.500385
16.7,19.60837,18.1,22.251938
21.5,17.47963,22.5,21.058357
23.8,21.987041,24.1,21.874035
26.1,22.342768,29.5,21.406168
21.1,23.070904,31.3,20.306618
21.9,19.00271,30.9,19.28829
24.1,23.443033,26.7,19.573822
28.1,23.698612,19.4,19.856972
19.0,22.049873,19.1,19.551905
22.3,18.217905,23.0,19.667511
18.2,20.982347,23.0,20.22426
18.1,16.358608,25.0,19.858791
22.5,19.233456,22.8,20.207136
24.1,24.651083,22.7,22.797373
29.5,25.280266,28.3,24.192516
31.3,27.839579,30.1,25.035458
30.9,28.323057,16.7,25.100666
26.7,28.804665,18.5,25.312267
19.4,22.742132,18.1,25.018179
19.1,19.902477,19.6,24.110643
23.0,20.225288,21.6,22.767553
23.0,23.172985,23.2,22.930058
25.0,25.272888,17.5,24.327023
22.8,24.699291,16.6,24.495235
22.7,20.33546,20.4,24.501978
28.3,22.84922,21.3,23.860577
30.1,28.406551,21.6,24.442451
16.7,26.004217,16.3,24.823088
18.5,18.049053,23.4,22.8636
18.1,21.160885,24.7,20.99441
19.6,19.406954,19.9,19.71371
21.6,20.153635,18.2,19.622978
23.2,22.382896,20.3,20.501923
17.5,23.324324,21.4,21.420305
16.6,17.469849,25.4,20.404085
20.4,18.49738,25.2,19.190065
21.3,21.245335,19.1,19.769655
21.6,19.483269,22.6,20.060617
16.3,20.827896,25.2,19.522877
23.4,16.890053,28.3,17.551886
24.7,21.934708,32.4,18.761374
19.9,21.122837,28.8,18.75271
18.2,18.12685,25.7,19.06755
20.3,19.261395,25.9,19.078325
21.4,20.313368,21.3,18.887058
25.4,21.158937,24.4,18.55366
25.2,22.617588,27.3,19.682793
19.1,19.997465,24.8,21.093716
22.6,19.597033,24.3,20.865128
25.2,24.384605,22.2,21.125628
28.3,25.277523,26.3,22.684961
32.4,28.179852,26.8,24.424494
28.8,28.064571,34.5,25.618456
25.7,23.12409,24.1,23.546013
25.9,24.263979,25.9,23.129486
21.3,22.148684,26.3,23.198324
24.4,22.538536,25.4,24.465351
27.3,25.914064,29.3,25.562687
24.8,28.282457,30.2,26.191824
24.3,26.013527,31.6,25.870895
22.2,23.885008,29.2,25.406206
26.3,23.57701,25.0,25.70361
26.8,24.883335,21.6,24.46267
34.5,25.883389,22.3,25.38001
24.1,28.479856,24.9,26.481682
25.9,22.090818,22.5,24.403646
26.3,26.353456,17.1,24.172565
25.4,25.8446,15.7,23.943083
29.3,25.393108,20.4,24.73132
30.2,28.513523,23.1,26.18779
31.6,29.835155,26.7,27.053553
29.2,28.994322,27.5,26.904303
25.0,26.454603,26.9,26.63565
21.6,23.495417,25.1,26.550825
22.3,23.56833,21.7,26.472555
24.9,25.504068,17.2,26.319853
22.5,26.040516,21.5,25.567656
17.1,20.311646,23.9,24.879652
15.7,14.885528,25.8,22.952585
20.4,18.927584,23.8,22.703697
23.1,23.866959,20.9,23.833069
26.7,23.99765,20.5,23.856312
27.5,26.92664,27.0,24.744665
26.9,24.922523,27.6,23.95228
25.1,23.313616,27.3,21.852627
21.7,20.652758,25.8,21.295586
17.2,20.941954,24.6,21.1689
21.5,21.206793,16.6,22.277649
23.9,23.796707,19.2,22.71079
25.8,25.136528,22.1,23.240978
23.8,25.830845,23.7,24.693153
20.9,21.977001,28.7,24.60938
20.5,21.691328,32.8,23.607172
27.0,22.802223,34.6,24.264536
27.6,26.870525,33.6,25.58012
27.3,26.946283,29.5,25.723057
25.8,25.782948,26.3,25.516916
24.6,23.065434,26.5,23.972963
16.6,20.732048,26.4,22.373922
19.2,16.548435,30.7,22.097403
22.1,22.01855,31.3,23.869013
23.7,23.344013,31.9,24.204771
28.7,25.316118,25.7,24.152716
32.8,28.450787,21.8,25.470564
34.6,31.262165,23.7,26.824675
33.6,28.978268,28.4,26.745794
29.5,29.837605,31.1,26.651712
26.3,25.863594,34.8,26.283186
26.5,24.51891,19.7,26.228144
26.4,26.249424,29.7,24.992128
30.7,26.117332,25.2,24.884592
31.3,30.161907,20.7,26.552368
31.9,31.895103,24.5,28.350992
25.7,29.449577,24.6,28.423267
21.8,27.452381,27.0,28.826843
23.7,23.149746,27.1,28.199425
28.4,26.847824,19.5,26.908243
31.1,29.92464,22.8,27.694117
34.8,31.26387,23.8,27.962866
19.7,30.067005,22.8,28.155575
29.7,21.107536,17.8,26.78165
25.2,29.180183,19.9,27.30904
20.7,23.560612,25.0,26.538866
24.5,21.772625,30.9,26.474882
24.6,25.517397,24.4,25.367146
27.0,23.872107,25.5,24.435564
27.1,24.971336,21.6,23.553106
19.5,23.453085,23.7,23.08264
22.8,18.334589,25.5,23.094578
23.8,23.905237,27.5,23.616032
22.8,19.844398,28.9,21.79275
17.8,18.733376,21.5,20.755787
19.9,16.236803,19.1,20.471203
25.0,20.949123,24.1,20.008629
30.9,25.124834,22.2,20.548132
24.4,27.434868,24.6,22.36218
25.5,21.896952,28.9,22.386925
21.6,25.093365,30.7,22.639421
23.7,21.005455,26.5,21.295029
25.5,25.162985,29.9,21.461597
27.5,26.176826,23.0,22.251896
28.9,27.83696,25.5,23.424095
21.5,24.612686,24.4,23.055222
19.1,20.889652,15.1,23.130453
24.1,21.65787,21.2,23.285246
22.2,25.665518,22.5,24.635725
24.6,21.211403,23.2,23.862852
28.9,26.211891,26.0,24.67979
30.7,28.440472,26.3,25.449612
26.5,26.627558,26.6,25.106392
29.9,25.152205,28.2,25.550743
23.0,28.772831,29.2,26.511147
25.5,22.195816,21.6,26.347828
24.4,25.55367,22.9,25.989815
15.1,20.035292,21.1,23.304617
21.2,13.861845,21.2,21.675085
22.5,23.673449,24.8,23.73327
23.2,23.284779,29.1,23.371704
26.0,24.582,32.4,24.493048
26.3,26.235607,31.4,25.182133
26.6,25.95329,32.8,24.966734
28.2,27.016968,25.1,23.942293
29.2,27.680834,17.8,24.37122
21.6,24.719053,12.9,21.972174
22.9,21.249752,17.2,22.42518
21.1,23.076849,23.1,21.85321
21.2,22.17689,22.8,22.21567
24.8,21.200386,19.9,22.51262
29.1,25.72955,19.3,23.600521
32.4,28.756056,19.4,26.189705
31.4,31.212208,23.9,27.585493
32.8,30.818163,31.3,27.838306
25.1,29.097525,26.9,28.145216
17.8,23.18321,24.2,27.523746
12.9,21.007421,26.4,26.368061
17.2,16.211803,20.0,23.978542
23.1,22.832235,23.4,24.887562
22.8,25.895344,25.9,25.05755
19.9,22.836033,26.9,24.780924
19.3,19.338375,23.5,23.744583
19.4,18.824022,27.7,23.281086
23.9,20.908796,28.0,23.24909
31.3,25.331131,29.2,23.596882
26.9,26.477993,30.5,24.88222
24.2,21.413742,25.3,22.045807
26.4,21.788216,22.5,20.624674
20.0,23.937263,23.7,20.21753
23.4,20.08368,25.9,21.16832
25.9,24.964273,24.7,22.286041
26.9,26.392675,24.5,23.891327
23.5,27.458328,26.0,24.187407
27.7,24.762733,30.5,23.748707
28.0,26.535389,31.9,24.323004
29.2,26.858063,31.0,25.277884
30.5,24.933435,33.5,23.833294
25.3,26.375856,26.9,23.629122
22.5,22.570934,23.0,23.698435
23.7,22.07757,17.9,23.876076
25.9,24.960724,24.6,23.656147
24.7,24.547064,24.2,24.243166
24.5,22.632475,26.1,23.624643
26.0,24.251455,24.5,22.736664
30.5,25.7949,24.9,22.309742
31.9,29.639986,24.2,24.619759
31.0,30.586983,24.1,26.209023
33.5,30.662195,26.7,27.050573
26.9,30.679302,25.3,27.297739
23.0,22.504633,23.8,24.254618
17.9,23.974972,19.4,24.228104
24.6,20.05457,18.5,24.422535
24.2,26.04134,21.9,26.087461
26.1,24.936312,18.3,26.028873
24.5,25.332254,16.7,25.759912
24.9,25.402416,17.7,26.326042
24.2,24.928331,20.7,25.575634
24.1,25.097412,21.6,25.581982
26.7,25.663336,23.3,25.798244
25.3,26.28233,26.5,25.392021
23.8,20.891075,27.0,22.95059
19.4,20.999496,27.6,22.433735
18.5,20.278254,28.3,22.53173
21.9,20.0271,25.3,22.304369
18.3,20.508575,26.4,21.98239
16.7,17.258148,24.6,21.240946
17.7,16.345066,27.4,20.865652
20.7,19.115593,27.6,20.496117
21.6,21.134771,32.5,20.356518
23.3,20.623442,30.3,20.95315
26.5,23.453888,23.5,21.845543
27.0,26.777039,23.5,23.080837
27.6,25.9837,23.5,21.377827
28.3,26.079626,23.5,21.438683
25.3,26.889269,23.5,21.555174
26.4,22.883677,21.1,21.713566
24.6,25.997992,25.5,22.959476
27.4,25.18415,21.7,23.102888
27.6,27.722832,22.3,25.263222
32.5,28.101559,24.5,26.007689
30.3,28.224684,29.7,26.723673
23.5,28.630978,23.3,27.075546
23.5,23.791985,20.2,26.83754
23.5,26.064442,27.8,26.926605
23.5,25.918121,31.4,26.786106
23.5,25.991709,33.4,26.8042
21.1,23.467134,23.8,26.037296
25.5,21.650465,24.2,25.045845
21.7,26.153769,21.2,25.190863
22.3,18.95792,17.1,24.043278
24.5,22.788322,22.2,24.7677
29.7,24.709675,24.5,24.859888
23.3,28.07491,25.6,25.396603
20.2,18.32139,27.9,22.33176
27.8,20.769112,32.2,21.74911
31.4,27.440517,27.1,22.602448
33.4,30.12463,25.5,24.44465
23.8,28.811323,29.2,25.09041
24.2,21.789078,32.4,23.577187
21.2,22.978346,29.1,23.762299
17.1,22.046295,28.7,23.14582
22.2,20.392965,27.9,22.908358
24.5,24.563433,29.1,24.391123
25.6,25.637424,27.3,25.156649
27.9,26.776604,26.9,25.50983
32.2,28.072018,28.6,26.410473
27.1,30.873652,20.5,27.400686
25.5,25.484262,24.7,26.768133
29.2,25.417984,23.5,25.834595
32.4,29.169416,25.7,26.342274
29.1,30.8598,27.6,27.440536
28.7,26.528236,21.2,27.320778
27.9,27.655155,19.1,27.443447
29.1,27.38076,22.5,27.045511
27.3,26.475336,24.8,26.936558
26.9,28.214602,28.0,27.55935
28.6,27.788406,22.1,27.238886
20.5,29.875435,22.3,28.167267
24.7,20.284191,28.8,26.325918
23.5,27.319569,21.5,26.833614
25.7,25.912373,20.2,26.664412
27.6,26.917585,21.4,26.81752
21.2,27.035807,22.4,26.172346
19.1,19.243073,24.7,24.67944
22.5,22.301252,26.3,24.35327
24.8,24.090641,26.4,24.172619
28.0,25.107267,18.6,24.829773
22.1,24.64187,23.5,25.336557
22.3,20.240602,33.5,24.58665
28.8,23.640509,20.7,22.068178
21.5,25.031683,22.3,22.467953
20.2,17.772528,22.8,21.316723
21.4,20.97691,26.9,21.951733
22.4,23.377464,31.1,22.52684
24.7,23.36301,37.4,21.39959
26.3,23.968555,38.4,21.9618
26.4,25.410564,31.7,22.502884
18.6,23.681032,12.0,22.425934
23.5,19.31257,19.5,21.329052
33.5,24.88152,22.5,22.00091
20.7,29.10455,24.6,25.164267
22.3,18.461716,26.2,24.10787
22.8,24.24241,20.2,23.43013
26.9,22.574444,21.9,22.595638
31.1,26.679577,21.9,24.493656
37.4,30.51966,23.5,26.326767
38.4,33.02383,24.3,27.870056
31.7,30.449968,24.0,28.297764
12.0,27.29209,25.4,27.290411
19.5,15.724552,19.9,24.656475
22.5,24.526064,23.0,26.63
24.6,25.80245,16.8,26.31177
26.2,26.525837,18.8,25.763906
20.2,27.344799,20.0,26.831642
21.9,23.189714,24.9,26.327227
21.9,23.722641,26.6,25.743399
23.5,24.340277,27.9,25.189808
24.3,24.38466,27.7,24.895126
24.0,24.632221,23.8,24.869408
25.4,24.88964,21.2,23.742624
19.9,24.998182,21.9,22.244755
23.0,20.550577,25.1,21.669357
16.8,21.206173,26.0,21.59998
18.8,16.456577,25.7,20.872608
20.0,20.920433,27.5,21.593422
24.9,21.001339,21.5,21.17255
26.6,25.416702,22.5,21.88682
27.9,26.66286,25.9,23.542393
27.7,27.135786,21.4,24.026096
23.8,24.297441,23.8,23.415756
21.2,22.098629,19.2,23.05181
21.9,21.68575,15.1,22.629166
25.1,22.236094,21.1,22.624035
26.0,25.710289,25.1,23.596016
25.7,26.385378,21.1,24.404821
27.5,23.972168,18.0,24.283396
21.5,26.472118,17.8,24.358925
22.5,18.99268,24.2,22.990227
25.9,22.76972,23.4,23.86576
21.4,25.14645,18.1,24.426083
23.8,21.510426,22.0,23.642082
19.2,21.413212,24.0,22.309704
15.1,19.188095,28.2,21.442097
21.1,16.225334,25.7,20.5036
25.1,23.565744,20.0,22.244768
21.1,24.459333,20.7,22.61402
18.0,17.741388,23.2,21.523115
17.8,17.690626,26.6,21.389635
24.2,19.920504,27.4,20.172157
23.4,23.895407,18.8,21.041384
18.1,21.000875,20.6,20.99485
22.0,17.081911,22.9,19.885014
24.0,22.501871,21.7,20.326094
28.2,24.403244,21.0,20.800192
25.7,26.49463,25.3,22.255423
20.0,21.224882,27.1,22.35451
20.7,20.460958,24.4,22.10197
23.2,20.839424,25.3,20.198965
26.6,23.812794,22.0,20.583961
27.4,26.67844,24.2,22.601248
18.8,26.450874,19.3,23.63602
20.6,18.342495,22.5,22.593407
22.9,22.214241,20.4,22.499502
21.7,23.638378,25.3,22.438982
21.0,22.066135,22.3,22.993597
25.3,21.072636,18.4,22.6574
27.1,25.082218,18.9,22.710646
24.4,26.183218,20.3,23.298323
25.3,22.311625,17.0,23.53367
22.0,24.873009,19.9,24.142168
24.2,23.573925,22.4,24.144543
19.3,24.556477,24.3,23.615051
22.5,19.448921,26.9,21.350395
20.4,24.20483,21.5,22.465569
25.3,22.318346,17.3,22.291332
22.3,22.78642,22.5,21.794174
18.4,19.527775,23.2,22.229471
18.9,17.699772,22.1,22.183813
20.3,20.251347,22.7,22.259453
17.0,21.967628,24.8,21.729645
19.9,16.523165,21.7,20.357382
22.4,22.143507,21.5,20.896372
24.3,23.52801,24.0,21.282705
26.9,23.804834,23.5,20.950718
21.5,25.324512,27.4,22.228289
17.3,20.616047,29.9,21.527264
22.5,18.72749,28.4,20.625597
23.2,21.925507,24.0,20.02093
22.1,21.351269,23.9,19.873928
22.7,21.34571,23.9,20.955736
24.8,22.895914,19.5,22.44247
21.7,23.95633,22.0,21.854279
21.5,19.108068,20.1,21.317091
24.0,22.488605,21.8,22.421568
23.5,24.941149,22.9,23.643724
27.4,24.95006,24.5,24.456425
29.9,26.981169,26.1,24.134624
28.4,24.676594,29.0,24.949425
24.0,26.73856,26.9,25.747587
23.9,22.93218,25.2,24.299223
23.9,25.538279,25.2,25.193233
19.5,25.568275,22.7,25.296345
22.0,18.706314,24.6,23.57808
20.1,24.038115,29.3,23.327265
21.8,19.08706,30.3,21.929302
22.9,22.974693,31.0,22.891968
24.5,23.556026,29.3,23.263084
26.1,25.542614,30.1,24.773172
29.0,26.094023,32.7,24.144522
26.9,27.762236,29.0,24.39307
25.2,22.720667,24.2,21.945538
25.2,25.273346,27.5,21.982115
22.7,21.31797,28.6,21.172922
24.6,22.360018,22.7,21.600159
29.3,24.519753,22.6,22.47947
30.3,27.994896,25.1,23.818905
31.0,29.187853,24.2,25.954996
29.3,28.769066,27.0,26.241371
30.1,28.0029,28.2,26.18155
32.7,29.515503,28.0,26.904577
29.0,30.977701,22.7,27.83562
24.2,25.724499,23.5,26.70031
27.5,22.311247,23.5,26.376076
28.6,27.717232,23.5,25.728895
22.7,25.11541,23.5,24.628965
22.6,21.148664,23.5,25.585678
25.1,21.886312,23.5,24.844868
24.2,27.684458,23.5,26.847332
27.0,24.593277,23.5,25.424139
28.2,27.095753,23.5,25.524109
28.0,27.843536,23.5,26.277931
22.7,26.748737,23.5,24.600626
23.5,21.221422,23.5,22.568201
23.5,21.192066,23.5,21.718163
23.5,20.462593,23.5,22.281416
23.5,20.564312,23.5,22.088785
23.5,19.783838,23.5,21.168425
23.5,21.600384,23.5,21.913385
23.5,24.181921,23.5,22.235516
23.5,25.049076,23.5,23.544415
23.5,23.603344,23.5,23.686499
23.5,20.732904,23.5,22.31234
23.5,19.15949,23.5,21.569227
23.5,23.582035,23.5,21.171318
23.5,24.269796,23.5,21.792395
23.5,24.707676,23.5,22.967182
23.5,24.904345,23.5,24.175365
23.5,24.325085,23.5,24.23516
23.5,24.034613,23.5,24.011799
23.5,23.718302,23.5,23.86478
23.5,23.334782,23.5,24.274027
23.5,23.88266,23.5,24.61063
23.5,24.720882,23.5,24.465683
23.5,24.97762,14.8,24.443806
23.5,24.200285,13.5,23.99764
23.5,23.655712,16.5,23.786741
23.5,23.833548,23.3,24.08322
23.5,24.33648,23.4,24.320675
23.5,23.956938,21.1,24.46371
23.5,23.477123,23.1,24.01435
23.5,22.474255,18.6,23.77976
23.5,22.359777,16.9,22.99956
23.5,23.127127,16.8,23.027222
23.5,21.05852,20.0,22.835844
14.8,21.80549,24.0,23.734964
13.5,14.547191,25.7,21.553568
16.5,15.392275,20.7,21.705269
23.3,18.924072,19.4,21.247595
23.4,22.100676,18.7,21.427834
21.1,18.740017,20.5,21.2662
23.1,19.705086,21.7,20.172216
18.6,20.993309,26.5,19.956978
16.9,16.542028,26.3,19.373686
16.8,16.452002,28.6,18.743416
20.0,17.196394,17.6,18.678127
24.0,21.68075,16.6,19.662224
25.7,24.721258,23.5,20.393408
20.7,22.214493,22.6,19.559072
19.4,18.403458,26.3,19.668741
18.7,19.892153,30.0,19.626331
20.5,20.40779,21.9,19.848753
21.7,22.50921,19.6,21.305775
26.5,21.136412,18.2,20.554262
26.3,25.31949,26.5,21.351974
28.6,24.431963,26.5,20.26047
17.6,23.25134,26.5,20.165161
16.6,15.92528,26.5,20.146454
23.5,15.470121,26.5,20.574251
22.6,21.682156,26.5,21.262281
26.3,23.123789,26.5,21.215218
30.0,26.271133,26.5,22.731905
21.9,27.490307,26.5,22.457886
19.6,20.638594,26.5,21.518818
18.2,20.601057,26.5,21.614738
26.5,20.71141,26.5,22.313408
26.5,24.72892,26.5,22.941004
26.5,26.524582,26.5,23.53661
26.5,26.305552,26.5,23.823957
26.5,26.977137,26.5,25.117561
26.5,27.055792,26.5,25.70264
26.5,26.125685,26.5,25.674656
26.5,27.017643,26.5,26.269768
26.5,25.855076,26.5,26.151937
26.5,24.713657,26.5,25.151371
26.5,24.688265,26.5,25.007093
26.5,22.816973,26.5,24.02862
26.5,25.748219,26.5,25.51839
26.5,27.0898,26.5,25.959812
26.5,27.140947,26.5,26.642548
26.5,27.144253,26.5,26.907963
26.5,24.984812,26.5,26.311129
26.5,24.237328,26.5,25.85195
26.5,24.489296,26.5,25.055813
26.5,27.001066,26.5,25.26876
26.5,24.13218,26.5,23.838583
26.5,22.173988,26.5,25.189806
26.5,25.408657,26.5,25.307175
26.5,26.32266,26.5,24.539848
26.5,26.974646,26.5,25.43253
26.5,26.267918,26.5,24.899317
26.5,24.556854,26.5,24.551678
26.5,27.287992,26.5,24.632326
26.5,27.136034,26.5,24.690155
26.5,24.959667,26.5,24.630283
26.5,24.997105,26.5,25.359566
26.5,28.673603,26.5,26.679354
26.5,25.715446,26.5,25.34737
26.5,26.568945,26.5,25.539518
26.5,26.356886,26.5,25.41247
26.5,26.124796,26.5,25.856031
26.5,25.462166,26.5,25.780066
26.5,27.050043,26.5,25.878754
26.5,26.338783,26.5,25.817825
26.5,26.329517,26.5,25.88645
26.5,26.740145,26.5,25.85003
26.5,26.28672,26.5,25.337294
26.5,26.037949,26.5,25.640934
26.5,27.778912,26.5,26.400997
26.5,27.408,26.5,26.643217
26.5,26.858192,26.5,26.556973
26.5,27.93977,26.5,26.81668
26.5,25.109722,26.5,26.363281
26.5,26.674538,26.5,26.264042
26.5,27.436068,26.5,26.460144
26.5,27.3946,26.5,26.866995
26.5,27.100992,26.5,27.014412
26.5,27.834385,26.5,26.464653
26.5,27.363665,26.5,26.760876
26.5,26.218864,26.5,26.878866
26.5,26.124077,26.5,26.650799
26.5,27.795444,26.5,26.888859
26.5,27.856358,26.5,27.208557
26.5,26.787922,26.5,27.133934
26.5,27.295431,26.5,26.568674
26.5,27.99077,26.5,26.767878
26.5,22.751514,26.5,26.651115
26.5,26.836908,26.5,26.616236
26.5,26.664677,26.5,26.80345
26.5,26.563808,26.5,27.053867
26.5,25.688171,26.5,26.902403
26.5,26.789993,26.5,26.297201
26.5,25.731607,26.5,26.61176
26.5,26.01281,26.5,26.163324
26.5,23.27411,26.5,25.300203
26.5,26.722097,26.5,26.141989
26.5,27.49674,26.5,26.404959
26.5,25.935265,26.5,25.466436
26.5,26.3955,26.5,25.533287
26.5,22.073574,26.5,24.79002
26.5,21.860596,26.5,24.637672
26.5,22.435175,26.5,23.7035
26.5,25.433456,26.5,24.58434
26.5,27.264185,26.5,25.744268
26.5,27.123634,16.3,25.487167
26.5,27.281084,17.7,25.374548
26.5,25.619825,21.4,24.843575
26.5,28.64048,19.8,25.91137
26.5,28.255676,24.1,25.635885
26.5,26.157616,23.8,25.295385
26.5,27.35208,16.4,26.030062
26.5,28.16388,19.5,26.649078
26.5,27.722282,22.7,26.952375
26.5,26.26614,20.0,26.676252
26.5,26.04318,19.7,26.62736
16.3,26.484367,22.2,26.278662
17.7,17.159155,23.7,24.436295
21.4,22.36462,24.9,24.80914
19.8,23.536419,27.4,24.968552
24.1,23.596153,24.0,25.177582
23.8,26.172142,21.6,25.07055
16.4,22.04763,27.1,24.008648
19.5,17.939264,29.2,22.096115
22.7,21.605106,30.1,21.78729
20.0,22.373653,31.6,22.08159
19.7,20.764717,31.5,21.79048
22.2,20.516415,24.0,21.216494
23.7,22.301003,20.5,19.670023
24.9,23.861202,24.7,20.744516
27.4,24.550974,28.2,21.558493
24.0,26.1795,25.1,23.015879
21.6,22.24727,27.7,22.891033
27.1,22.597353,31.3,22.646347
29.2,26.477877,24.6,23.747257
30.1,28.619791,29.5,25.197592
31.6,28.439287,31.4,26.192144
31.5,30.069492,35.0,26.77435
24.0,29.469275,26.0,26.822495
20.5,23.281673,21.5,26.021929
24.7,23.433636,26.1,26.108528
28.2,26.790766,29.8,26.631804
25.1,28.417858,30.5,27.109932
27.7,26.625605,31.7,27.192474
31.3,29.301632,29.9,27.474806
24.6,30.63059,26.5,28.16638
29.5,24.940456,23.2,27.51205
31.4,29.194893,26.1,27.919687
35.0,30.787481,28.5,28.546696
26.0,30.673414,25.4,29.541187
21.5,23.007454,28.2,28.128075
26.1,25.460321,31.4,26.976746
29.8,28.61061,25.0,28.006638
30.5,30.041231,26.2,28.407984
31.7,28.805355,26.2,29.156067
29.9,30.825254,25.6,29.710297
26.5,28.39864,28.4,29.293375
23.2,26.6325,33.3,28.750069
26.1,25.54493,27.7,28.16918
28.5,27.75357,30.0,27.827784
25.4,28.580303,31.7,27.73761
28.2,25.303715,22.7,26.148218
31.4,28.428404,25.4,26.810562
25.0,30.57852,22.4,27.958275
26.2,24.140215,23.5,26.838469
26.2,27.163937,23.1,27.333557
25.6,26.825264,23.5,26.638744
28.4,25.71478,24.1,25.869879
33.3,28.945993,25.1,26.414263
27.7,31.263733,21.0,28.078255
30.0,26.680635,24.2,27.89226
31.7,29.641325,25.5,27.88791
22.7,28.79245,20.9,28.200367
25.4,22.927212,20.4,27.338642
22.4,27.979698,19.6,27.277096
23.5,25.176058,23.7,26.493639
23.1,26.335796,29.0,26.714382
23.5,25.570522,29.0,26.729908
24.1,25.076189,32.2,26.301268
25.1,24.046186,27.2,25.628601
21.0,25.787918,23.4,25.62913
24.2,23.5398,22.1,25.191456
25.5,25.406708,25.7,25.331732
20.9,26.015614,29.1,25.222963
20.4,20.473415,25.8,23.419409
19.6,21.268854,28.6,23.354649
23.7,21.991123,29.0,22.415714
29.0,25.417694,26.8,23.869318
29.0,28.526157,28.0,25.161247
32.2,25.90446,30.8,25.23349
27.2,31.18559,30.2,26.402939
23.4,22.991081,31.4,24.329018
22.1,23.176819,30.3,24.272343
25.7,23.124033,24.0,24.382187
29.1,27.291744,24.5,25.689058
25.8,29.018272,24.0,26.438519
28.6,25.54917,25.5,25.949526
29.0,28.553219,23.3,26.4979
26.8,27.68552,23.9,27.0844
28.0,25.556477,20.9,27.052399
30.8,28.512377,23.3,27.09727
30.2,30.729603,25.6,28.249323
31.4,30.346422,24.6,27.950623
30.3,29.549343,25.6,27.775019
24.0,28.079962,27.7,27.770493
24.5,23.237127,24.2,27.734587
24.0,27.137537,23.7,27.62828
25.5,26.677752,26.6,27.31754
23.3,27.62826,27.2,27.644503
23.9,24.502783,22.6,27.332298
20.9,24.2975,23.5,26.011538
23.3,22.151512,20.2,25.355173
25.6,25.258362,25.4,25.511774
24.6,25.978928,30.0,25.9273
25.6,25.662107,29.9,26.02922
27.7,25.995756,23.1,25.61961
24.2,23.78514,22.1,23.043612
23.7,21.797337,18.7,22.289593
26.6,23.315393,25.0,22.351961
27.2,25.457333,26.3,23.897114
22.6,25.396023,30.2,23.75958
23.5,22.159431,34.7,23.17529
20.2,21.858992,28.4,22.205816
25.4,22.807487,27.2,22.820293
30.0,25.523384,26.5,23.563684
29.9,28.87854,25.3,26.156925
23.1,28.223648,25.3,27.107815
22.1,21.015574,20.8,26.151688
18.7,24.923706,21.7,25.243896
25.0,21.182642,22.4,24.333406
26.3,24.567074,26.4,24.95225
30.2,26.297777,28.0,25.254374
34.7,28.602007,24.9,25.673159
28.4,29.236216,21.2,26.512444
27.2,25.53181,23.9,26.048317
26.5,27.01003,25.5,26.167309
25.3,26.77949,19.7,26.818615
25.3,25.981554,24.0,25.60405
20.8,23.669971,25.6,24.36524
21.7,21.179789,30.5,24.181988
22.4,24.668491,33.1,24.901321
26.4,23.948029,32.4,24.895975
28.0,27.326677,32.0,26.457687
24.9,28.80167,23.7,26.926193
21.2,23.645779,27.0,25.994856
23.9,23.869202,24.5,24.77671
25.5,25.222115,24.5,24.093082
19.7,24.644217,24.2,24.430006
24.0,20.53144,24.3,24.0972
25.6,25.69469,28.6,24.666538
30.5,26.327482,31.2,24.210567
33.1,29.708002,23.6,26.232458
32.4,30.9012,28.1,27.614788
32.0,31.249859,30.4,28.122744
23.7,28.484451,32.1,28.256702
27.0,23.841019,25.3,27.014347
24.5,27.833105,27.4,26.740852
24.5,25.606386,23.8,27.13056
24.2,27.082308,25.3,27.17527
24.3,26.620384,30.6,27.075108
28.6,26.318989,21.9,26.933022
31.2,28.726475,27.2,27.4812
23.6,27.997324,29.5,28.47359
28.1,23.709,24.5,27.86295
30.4,29.399021,26.2,27.343573
32.1,30.779718,24.5,28.010626
25.3,30.93666,21.2,27.740955
27.4,24.383665,22.5,27.491468
23.8,27.363853,19.6,26.257961
25.3,24.011564,24.3,25.456837
30.6,26.800621,27.5,26.28775
21.9,29.245241,27.3,27.695398
27.2,23.59426,25.0,27.623333
29.5,28.221775,25.4,27.272959
24.5,28.07632,24.2,27.01929
26.2,24.3362,25.3,26.789705
24.5,26.051222,24.5,26.791138
21.2,24.258915,25.9,26.443111
22.5,22.051031,28.0,24.848362
19.6,23.295055,28.6,24.181139
24.3,22.7792,25.7,24.090422
27.5,25.624018,24.8,24.551641
27.3,25.96685,28.3,24.702213
25.0,26.283834,30.3,24.465302
25.4,23.434668,33.3,24.517467
24.2,25.408253,26.9,24.934748
25.3,24.321041,29.2,23.99879
24.5,25.922373,20.5,24.775005
25.9,24.462996,29.4,24.167736
28.0,26.477798,22.7,24.808805
28.6,27.858646,26.9,25.699879
25.7,27.023129,23.2,26.200142
24.8,26.347696,19.4,26.48205
28.3,25.867638,16.8,26.102747
30.3,29.452206,20.6,27.060005
33.3,30.221174,23.1,27.504448
26.9,31.967384,26.4,28.305931
29.2,25.781656,21.5,27.544907
20.5,27.488905,18.7,27.403212
29.4,24.359539,15.3,27.00071
22.7,29.125465,18.9,27.80275
26.9,25.974037,20.2,27.713985
23.2,28.980835,23.9,27.943222
19.4,24.508661,22.2,27.457619
16.8,20.214834,18.2,26.222605
20.6,21.86668,23.9,25.583195
23.1,24.669683,25.0,25.82649
26.4,25.778475,25.6,25.78981
21.5,27.424131,20.3,25.78239
18.7,21.75826,19.6,25.106148
15.3,21.227129,22.2,23.676174
18.9,18.38246,25.3,22.834244
20.2,20.318403,30.1,22.691998
23.9,21.007065,30.2,23.25472
22.2,21.980692,26.9,23.183456
18.2,22.636179,24.4,21.206501
23.9,18.983137,27.0,19.931896
25.0,23.116549,27.9,21.183514
25.6,24.776754,26.1,23.127449
20.3,23.815458,26.9,22.86282
19.6,18.785645,23.7,21.044865
22.2,20.872288,19.7,20.67365
25.3,24.124714,16.3,21.807047
30.1,25.954618,16.0,23.909334
30.2,28.797852,19.0,25.87789
26.9,27.411833,25.3,26.37866
24.4,26.901646,28.1,25.761269
27.0,25.762201,26.5,25.770184
27.9,27.672121,31.0,26.691673
26.1,26.778221,32.7,26.910582
26.9,26.984531,25.2,26.893606
23.7,27.19196,21.2,26.350403
19.7,25.131054,18.3,25.889362
16.3,21.214985,23.3,25.728363
16.0,18.647686,24.7,25.737812
19.0,20.608597,20.3,25.04879
25.3,23.421888,17.5,24.149517
28.1,26.70097,23.3,24.844326
26.5,26.828989,27.8,25.500051
31.0,27.199137,25.5,25.499905
32.7,29.892714,29.4,26.195087
25.2,29.016314,28.6,26.635744
21.2,22.71341,25.2,25.528347
18.3,23.814783,21.6,24.77649
23.3,21.19451,25.6,23.729527
24.7,24.729176,24.3,23.930761
20.3,24.506739,27.5,24.678892
17.5,19.067425,24.2,23.850193
23.3,19.174152,21.4,24.135958
27.8,25.186804,17.5,24.752272
25.5,28.043276,20.6,25.653187
29.4,24.783726,24.0,25.65977
28.6,29.379063,27.3,26.389711
25.2,25.35994,29.2,24.889315
21.6,25.37335,31.6,24.185528
25.6,24.044245,29.2,24.606236
24.3,25.651726,31.6,25.182014
27.5,25.312288,32.2,25.621784
24.2,27.039318,24.6,25.063387
21.4,23.509787,26.6,24.681215
17.5,18.943886,27.1,23.3925
20.6,17.134377,30.2,22.66807
24.0,24.702173,19.3,24.841702
27.3,26.43162,21.2,25.673765
29.2,27.731642,28.4,26.017572
31.6,28.922533,28.3,25.972754
29.2,27.308348,23.1,26.53445
31.6,28.701391,28.6,26.759502
32.2,30.944235,29.2,27.519669
24.6,29.194668,28.0,27.773355
26.6,25.52106,27.0,27.276194
27.1,27.758196,20.6,27.092958
30.2,28.025682,27.2,26.919178
19.3,29.947117,27.3,28.191912
21.2,20.633974,24.9,27.108847
28.4,24.897398,22.1,25.957245
28.3,29.318659,20.4,27.486118
23.1,26.416737,20.1,27.61469
28.6,25.539892,21.1,27.199589
29.2,29.118124,22.3,27.24516
28.0,28.522749,22.3,27.337639
27.0,28.0104,24.1,26.750164
20.6,26.258526,18.9,26.311104
27.2,22.642586,25.3,26.385592
27.3,27.647945,25.4,26.045586
24.9,26.658337,20.9,25.793755
22.1,24.650875,23.1,25.76472
20.4,24.0318,22.5,25.883163
20.1,20.655159,23.8,24.43967
21.1,22.290722,23.8,24.06811
22.3,23.383272,24.1,24.092033
22.3,22.403904,27.5,24.181015
24.1,24.940125,22.5,24.319954
18.9,21.042126,26.8,22.825733
25.3,19.623915,23.8,22.282648
25.4,25.698582,26.2,23.004662
20.9,21.372158,28.5,20.928907
23.1,19.971872,31.2,20.819794
22.5,24.197554,32.8,21.19234
23.8,23.243792,27.0,21.606777
23.8,23.008207,32.0,21.542444
24.1,23.81965,32.7,21.5846
27.5,23.982912,28.2,22.48866
22.5,26.919628,25.6,22.987171
26.8,21.219818,23.2,21.649803
23.8,25.465813,21.2,22.877617
26.2,21.381264,20.4,23.899416
28.5,26.238277,23.7,24.474268
31.2,26.414799,25.8,23.461462
32.8,29.360254,26.3,25.909748
27.0,31.342743,21.7,27.060162
32.0,27.265936,26.7,26.689821
32.7,29.790722,27.8,27.541798
28.2,29.471485,27.4,28.613947
25.6,27.812948,26.2,28.22502
23.2,27.096859,23.6,28.242752
21.2,26.331764,19.4,27.806479
20.4,25.26759,19.8,26.844542
23.7,24.871847,21.7,26.464737
25.8,25.991795,23.5,26.592745
26.3,27.375738,24.1,26.908466
21.7,27.268997,24.7,27.087173
26.7,24.28152,27.7,26.749842
27.8,27.676052,28.1,26.315691
27.4,28.479834,27.6,26.693466
26.2,26.557203,20.3,26.250965
23.6,26.063862,25.4,25.634502
19.4,24.534386,32.3,24.971601
19.8,22.15159,32.3,24.165318
21.7,21.313175,26.1,23.851273
23.5,24.227262,26.1,24.045918
24.1,25.373383,28.4,24.957972
24.7,25.311386,31.4,24.864456
27.7,24.731424,36.1,24.392698
28.1,26.662191,27.8,25.202736
27.6,27.908947,22.3,25.94178
20.3,25.933958,20.4,25.81174
25.4,21.571281,21.3,24.339396
32.3,26.973171,18.3,25.108437
32.3,30.974506,19.3,27.234095
26.1,29.487127,20.1,27.956337
26.1,26.422588,21.8,27.516562
28.4,27.414042,21.2,27.738787
31.4,28.512638,24.3,27.766617
36.1,31.333176,23.2,28.545242
27.8,33.886364,17.2,29.960003
22.3,26.756918,22.3,29.180138
20.4,25.386442,23.3,28.197033
21.3,23.015385,24.1,26.749008
18.3,23.542812,27.5,26.746248
19.3,22.094872,28.3,26.18565
20.1,21.737728,22.4,24.898523
21.8,22.957478,25.4,24.433527
21.2,22.381218,28.7,24.158018
24.3,22.804625,29.6,24.232826
23.2,24.543205,27.2,24.254374
17.2,21.323547,28.2,23.356117
22.3,18.034369,25.6,22.083393
23.3,23.146643,26.6,20.705667
24.1,23.929327,29.7,21.363949
27.5,24.210094,30.0,21.213102
28.3,25.852545,29.7,22.013115
22.4,24.909552,27.8,22.318491
25.4,20.079369,32.0,21.799015
28.7,25.738596,31.8,22.999722
29.6,28.151455,20.2,24.314116
27.2,28.568487,20.4,25.74894
28.2,26.087173,21.0,25.011892
25.6,28.419666,25.6,24.427315
26.6,24.265556,27.1,24.058025
29.7,27.052963,29.3,25.671082
30.0,29.215881,30.3,27.035896
29.7,29.16028,31.4,27.545954
27.8,30.126722,34.7,27.805656
32.0,28.300222,27.4,27.396204
31.8,31.37377,22.6,28.459957
20.2,29.198795,27.8,29.155159
20.4,18.504263,34.1,27.930899
21.0,23.392286,28.8,26.875874
25.6,24.466911,36.6,26.949566
27.1,27.807505,28.9,26.798376
29.3,28.728918,23.5,27.748762
30.3,30.442448,19.6,28.460503
31.4,30.936335,26.3,28.512302
34.7,30.875793,26.3,28.582863
27.4,29.675997,30.6,28.942694
22.6,24.657238,27.7,28.342064
27.8,25.628454,27.0,27.39374
34.1,26.33222,29.2,25.272501
28.8,29.517136,33.9,27.245146
36.6,26.85322,27.4,27.0536
28.9,31.44474,26.5,28.585176
23.5,25.298405,28.7,28.114187
19.6,24.233162,30.8,28.390678
26.3,22.58887,33.2,27.46908
26.3,27.424068,21.2,27.164497
30.6,26.849043,19.2,26.57695
27.7,29.43271,14.4,26.791624
27.0,27.052532,22.0,26.43934
29.2,27.724487,26.0,27.129463
33.9,29.165281,28.9,27.651129
27.4,32.25346,29.8,28.642292
26.5,25.711998,24.2,28.1111
28.7,27.64381,26.4,26.813461
30.8,29.117653,22.2,26.564384
33.2,30.446373,20.7,27.692993
21.2,29.108276,24.0,28.941187
19.2,19.345001,28.8,27.680492
14.4,21.80502,30.0,27.383865
22.0,18.98512,29.7,25.380798
26.0,25.540813,21.6,25.665808
28.9,28.411625,29.7,26.85088
29.8,29.032635,25.2,27.273403
24.2,29.977684,28.0,27.408268
26.4,24.376883,25.4,26.499178
22.2,24.89013,31.0,26.176811
20.7,22.697601,25.9,25.592787
24.0,23.576097,25.4,24.659958
28.8,25.378767,27.8,24.124628
30.0,28.608469,26.2,25.469358
29.7,29.512821,31.5,26.582617
21.6,25.609797,26.5,26.985966
29.7,22.83666,24.6,26.433907
25.2,29.100357,25.0,26.436815
28.0,25.628872,23.7,26.49842
25.4,26.287678,28.4,26.007727
31.0,26.375362,29.0,25.598902
25.9,27.322693,28.3,25.24948
25.4,24.98848,24.1,25.664347
27.8,26.66673,23.7,26.371046
26.2,27.922565,20.4,26.790823
31.5,27.404242,28.2,26.834118
26.5,28.963839,21.4,26.86223
24.6,23.366879,22.5,25.838781
25.0,25.812223,24.6,26.343618
23.7,26.061708,26.7,26.242413
28.4,24.900904,30.5,25.975872
29.0,27.192429,29.6,26.883642
28.3,26.986027,26.8,27.16724
24.1,25.276993,25.4,26.433222
23.7,20.319664,27.0,25.006182
20.4,21.321888,33.0,24.240213
28.2,22.370018,27.9,25.009962
21.4,29.132767,26.2,26.787746
22.5,20.95544,24.1,24.069439
24.6,25.274008,23.9,24.407072
26.7,26.203638,24.6,24.991695
30.5,26.936169,20.2,24.777777
29.6,28.676226,23.4,26.234394
26.8,28.29174,25.7,26.031973
25.4,26.4481,26.4,25.537086
27.0,23.694294,30.3,24.425236
33.0,27.071257,34.3,24.807444
27.9,31.048347,35.4,27.323557
26.2,25.377367,36.4,26.716888
24.1,26.738121,24.0,26.000353
23.9,24.604486,26.0,25.322363
24.6,25.765965,28.2,26.204885
20.2,26.16095,29.8,26.538355
23.4,22.623255,32.4,26.229284
25.7,26.302786,34.2,26.012056
26.4,27.13686,34.2,26.030664
30.3,27.197922,28.0,26.273962
34.3,30.158205,26.5,27.55289
35.4,32.265152,26.2,28.926968
36.4,31.630816,34.5,28.980415
24.0,33.66598,30.6,28.907883
26.0,23.3064,31.6,27.792002
28.2,28.428606,29.0,27.273754
29.8,28.982136,32.8,27.74413
32.4,30.661917,27.6,28.591639
34.2,31.912193,29.9,29.646307
34.2,31.732668,28.3,30.267387
28.0,31.598166,31.9,30.583364
26.5,29.090317,24.3,30.06732
26.2,27.44085,22.6,29.59107
34.5,28.242668,29.4,28.911966
30.6,28.94865,32.0,29.263142
31.6,28.788092,31.4,29.07017
29.0,28.941982,32.0,29.06969
32.8,28.840805,31.7,29.05598
27.6,32.1019,28.0,29.914375
29.9,27.947227,29.3,29.142334
28.3,29.044338,30.0,28.989498
31.9,28.833147,31.1,28.239786
24.3,31.525307,21.1,28.667824
22.6,23.141949,18.7,27.566418
29.4,25.254976,25.1,27.62303
32.0,30.491068,27.8,28.384212
31.4,32.00596,25.8,29.124859
32.0,31.37192,26.2,29.100824
31.7,30.403,26.2,29.237684
28.0,28.516735,28.1,29.730349
29.3,28.19116,29.3,28.890526
30.0,30.356314,28.4,29.035694
31.1,30.534637,21.8,29.468294
21.1,30.492931,19.3,29.596842
18.7,23.091032,21.1,28.03276
25.1,22.273647,24.7,26.94312
27.8,27.745293,24.9,27.51922
25.8,28.607864,21.8,28.009798
26.2,27.303768,26.6,27.935726
26.2,27.586641,31.2,27.509853
28.1,27.65272,30.2,27.132475
29.3,27.60497,31.1,26.853798
28.4,28.684958,29.7,27.450466
21.8,29.118164,30.3,27.543201
19.3,21.50375,29.4,26.40452
21.1,22.169939,27.1,25.015713
24.7,24.42579,27.7,24.941948
24.9,26.713146,27.4,26.101841
21.8,25.047684,25.3,26.170835
26.6,24.549252,25.4,25.238005
31.2,27.801472,28.3,25.918993
30.2,30.01138,30.6,27.184849
31.1,26.199615,25.6,27.16613
29.7,30.143017,28.3,27.3979
30.3,28.882875,26.4,27.251474
29.4,29.678701,20.7,26.615604
27.1,27.921751,19.4,26.708212
27.7,27.42645,23.0,27.026558
27.4,28.803736,23.3,27.770077
25.3,27.065916,24.2,27.525806
25.4,26.57172,26.1,27.5249
28.3,27.895489,29.4,27.907951
30.6,29.666174,23.6,28.293188
25.6,30.231829,26.4,28.333603
28.3,25.634977,28.7,28.074924
26.4,28.804272,30.9,27.85786
20.7,25.991875,29.2,27.361593
19.4,21.054184,25.8,26.620737
23.0,23.764887,28.4,25.585268
23.3,25.628857,31.8,25.607527
24.2,23.12032,32.5,24.759632
26.1,25.089851,28.1,24.651098
29.4,27.011892,30.9,25.487532
23.6,28.739788,30.9,26.595833
26.4,24.17321,28.8,25.849482
28.7,26.605604,30.4,24.966936
30.9,26.59227,32.8,25.70434
29.2,28.5041,28.5,26.101847
25.8,28.379025,25.0,25.236261
28.4,25.559464,26.8,25.334978
31.8,28.869682,27.9,26.81719
32.5,30.251875,23.2,27.881523
28.1,31.041153,23.2,28.360012
30.9,28.00824,24.5,28.653917
30.9,31.40276,25.2,28.872984
28.8,30.815653,26.7,28.777111
30.4,29.248318,26.7,28.880882
32.8,28.987638,24.5,29.302273
28.5,31.191517,21.6,29.637726
25.0,27.390846,24.6,29.35154
26.8,27.945868,27.4,28.79532
27.9,29.13533,24.0,28.91671
23.2,29.03773,19.2,28.655327
23.2,24.855103,21.0,28.232555
24.5,26.15446,21.4,27.566927
25.2,26.314646,24.9,27.035494
26.7,26.27695,26.5,26.835463
26.7,27.146236,27.4,26.888744
24.5,26.12618,26.9,26.890425
21.6,24.916939,26.1,26.440247
24.6,22.55803,26.0,24.685059
27.4,25.924341,28.7,25.16185
24.0,27.255144,32.2,26.050722
19.2,21.534433,35.0,24.939678
21.0,19.703817,27.9,22.878447
21.4,23.212078,22.5,22.472147
24.9,22.75122,24.0,22.746437
26.5,25.755083,25.5,24.089134
27.4,27.274376,29.5,25.103338
26.9,27.467356,33.3,25.550512
26.1,26.118994,28.9,24.714298
26.0,25.684622,30.4,23.947653
28.7,25.39795,29.9,24.780798
32.2,28.809134,21.4,25.92714
35.0,31.590397,17.8,26.913298
27.9,32.512295,16.5,27.234785
22.5,23.536377,21.7,26.738749
24.0,23.625595,23.9,26.890745
25.5,26.01088,25.0,26.513565
29.5,27.20729,28.0,27.19197
33.3,30.424755,30.9,28.104755
28.9,32.466385,25.1,29.059265
30.4,27.438852,21.9,28.700655
29.9,29.709272,21.0,28.773056
21.4,27.39426,27.1,28.801071
17.8,22.609089,24.6,28.26497
16.5,19.994774,27.0,26.874416
21.7,20.700642,22.0,24.954683
23.9,24.786171,24.3,24.887897
25.0,25.907515,27.1,25.37934
28.0,26.552122,31.0,26.136538
30.9,27.794098,23.9,26.616753
25.1,28.951118,20.1,26.788189
21.9,21.146608,18.9,24.762585
21.0,22.82596,17.3,24.363192
27.1,23.526318,25.3,24.297949
24.6,27.001038,26.6,24.409836
27.0,22.015774,26.2,23.424988
22.0,25.962212,29.6,24.421503
24.3,21.639841,23.9,23.29443
27.1,24.683523,24.9,23.772709
31.0,27.313944,29.8,25.403383
23.9,28.655743,23.6,26.52948
20.1,21.435326,25.7,24.933006
18.9,19.749918,30.4,23.325573
17.3,19.272053,29.6,22.374527
25.3,19.560734,23.7,22.440502
26.6,26.506231,19.9,25.017878
26.2,26.319891,25.4,25.428898
29.6,25.418129,30.0,24.794765
23.9,25.40689,30.1,24.047052
24.9,24.20996,32.1,24.171354
29.8,26.234776,26.0,25.331366
23.6,29.252903,25.9,26.262297
25.7,23.610773,22.3,24.344585
30.4,27.591274,19.8,25.049435
29.6,30.158451,20.3,26.577785
23.7,29.806293,21.8,27.379812
19.9,21.215162,23.4,27.107014
25.4,23.095495,24.7,26.57344
30.0,27.123795,27.6,26.794594
30.1,30.337498,29.1,27.670553
32.1,30.29567,28.9,28.166769
26.0,29.368486,23.6,28.51591
25.9,24.495539,21.0,27.304462
22.3,26.650358,23.2,26.234333
19.8,22.035767,21.4,26.136864
20.3,22.409603,21.0,26.462578
21.8,24.526983,22.4,25.74536
23.4,23.830545,24.5,24.550879
24.7,24.229435,27.0,24.584455
27.6,25.61799,22.1,24.912401
29.1,28.839003,26.1,26.505491
28.9,28.633781,27.9,26.74334
23.6,26.302896,30.1,26.645847
21.0,24.225266,28.0,25.376339
23.2,22.628418,22.9,24.541063
21.4,24.48537,24.8,23.939339
21.0,20.865238,28.7,22.429722
22.4,22.501707,26.1,23.306957
24.5,23.289978,26.4,23.818556
27.0,24.866838,27.0,24.23091
22.1,26.364347,25.5,24.8738
26.1,21.24175,30.4,24.660706
27.9,27.587212,32.1,25.508648
30.1,27.777786,25.1,25.801922
28.0,27.430017,29.0,25.750032
22.9,25.620903,23.0,25.884155
24.8,23.324059,23.6,25.149921
28.7,26.111847,25.0,25.48375
26.1,28.655598,25.9,26.329563
26.4,26.309217,27.3,26.479748
27.0,26.904037,28.5,26.680058
25.5,27.604345,28.4,26.31774
30.4,26.177778,30.7,25.906105
32.1,29.662092,31.0,27.503834
25.1,30.410328,34.9,28.578568
29.0,26.983217,25.4,27.94916
23.0,29.564642,26.4,27.720516
23.6,24.385359,22.2,26.782074
25.0,26.200132,27.7,26.494905
25.9,26.300503,31.8,26.604559
27.3,26.473581,30.9,26.583946
28.5,27.925663,33.4,27.049551
28.4,28.731268,33.0,27.179226
30.7,29.290339,34.9,27.610313
31.0,30.877737,36.6,28.258541
34.9,30.882618,30.2,28.322395
25.4,30.735788,31.6,28.988173
26.4,24.937603,25.4,28.144745
22.2,27.551008,22.6,27.438635
27.7,24.551716,25.3,27.0812
31.8,29.713184,25.9,27.86577
30.9,31.204798,20.4,28.989729
33.4,31.4665,22.7,29.282736
33.0,32.70972,27.6,29.72106
34.9,30.753704,26.9,30.07737
36.6,31.82757,27.9,30.39476
30.2,30.402971,23.7,30.816011
31.6,29.709913,23.7,30.330343
25.4,31.548012,27.2,29.946774
22.6,26.18033,29.4,28.847496
25.3,25.874964,23.7,28.489706
25.9,28.247358,27.2,28.527737
20.4,24.964493,24.6,28.143082
22.7,22.829496,28.5,27.75581
27.6,26.381754,26.1,26.764582
26.9,28.99461,25.7,27.459787
27.9,26.676094,25.0,27.173216
23.7,25.46915,28.5,26.669285
23.7,23.853111,29.4,25.387066
27.2,24.401308,33.0,24.461975
29.4,26.29067,25.5,24.529707
23.7,28.561653,26.3,25.094307
27.2,23.960999,28.8,25.662891
24.6,27.400791,29.3,25.082317
28.5,25.175358,30.0,24.40617
26.1,28.254951,35.0,26.19159
25.7,25.174963,22.8,26.607311
25.0,24.152205,18.8,26.391977
28.5,25.774597,20.2,25.729149
29.4,29.001963,23.1,26.662357
33.0,29.883415,26.1,27.445719
25.5,29.776875,27.9,28.326635
26.3,24.161188,31.1,27.866425
28.8,26.501657,32.1,27.05923
29.3,27.907314,29.9,27.553062
30.0,29.408007,29.8,27.973413
35.0,31.073004,28.9,29.14833
22.8,29.440647,29.8,29.048573
18.8,23.098198,31.9,28.127151
20.2,21.606241,32.0,26.629309
23.1,24.078001,29.9,26.966042
26.1,26.225557,26.9,26.680836
27.9,28.459574,25.3,26.931732
31.1,28.829342,26.2,27.202785
32.1,31.13317,28.2,27.853462
29.9,29.318974,29.0,27.97254
29.8,26.109072,32.8,27.582663
28.9,29.486174,35.8,28.314411
29.8,29.515757,29.7,28.169268
31.9,29.153957,25.9,27.397251
32.0,31.192429,18.4,28.308495
29.9,32.077,21.8,29.055317
26.9,30.496231,21.6,29.150084
25.3,27.314308,21.0,28.973604
26.2,26.6692,21.1,28.802364
28.2,27.968758,27.3,28.456022
29.0,29.582687,28.3,28.490913
32.8,30.155416,34.7,28.870779
35.8,32.72912,26.6,29.45396
29.7,33.618443,31.6,30.116623
25.9,27.839325,25.2,29.453123
18.4,27.266006,22.9,29.114555
21.8,21.840864,22.1,28.356382
21.6,25.30118,26.4,27.435371
21.0,23.606533,30.1,26.312397
21.1,24.415104,26.8,25.734781
27.3,24.067902,23.2,25.929428
28.3,28.400116,22.6,26.60806
34.7,28.718212,27.0,27.101192
26.6,29.99239,25.6,28.679007
31.6,26.128752,29.4,27.67496
25.2,29.930225,31.1,27.383207
22.9,24.923899,31.5,25.872051
22.1,21.563671,23.2,22.971136
26.4,24.557772,20.1,24.213306
30.1,26.787796,26.3,25.017723
26.8,29.062664,22.6,26.91957
23.2,23.81544,28.9,26.456398
22.6,23.767456,22.6,25.95311
27.0,25.337244,26.3,25.940882
25.6,27.45095,23.1,26.184645
29.4,26.11621,23.5,25.939577
31.1,27.676382,26.2,26.211864
31.5,29.84718,30.2,26.429132
23.2,26.93441,20.7,25.447096
20.1,23.804825,21.1,25.25927
26.3,22.230797,23.0,25.824629
22.6,27.73507,20.0,26.393106
28.9,23.84386,25.9,25.16968
22.6,29.149881,26.8,26.340403
26.3,23.139372,25.5,26.030392
23.1,26.887674,31.4,26.384167
23.5,22.830183,32.4,25.850708
26.2,25.241512,25.9,25.239262
30.2,27.02621,22.1,26.007698
20.7,28.13171,16.0,26.516066
21.1,20.740084,21.9,23.567816
23.0,19.83692,23.0,22.840305
20.0,22.747284,26.1,23.286644
25.9,20.95074,28.4,23.03823
26.8,26.013777,28.7,24.368845
25.5,26.772474,30.7,24.84002
31.4,23.843515,28.7,23.823553
32.4,29.692463,21.3,24.840221
25.9,30.034243,25.7,25.981297
22.1,24.501307,28.2,25.738646
16.0,20.60119,30.6,24.418169
21.9,17.10638,24.8,22.598894
23.0,25.160053,30.1,24.497696
26.1,25.934404,30.6,25.125029
28.4,27.603046,21.2,25.899178
28.7,29.037699,20.7,26.891338
30.7,28.8544,21.6,27.166447
28.7,29.527233,20.9,27.582806
21.3,28.154535,27.3,27.361887
25.7,23.276161,31.4,26.737333
28.2,27.295284,23.4,26.064545
30.6,28.796806,18.5,26.730967
24.8,29.967083,19.1,27.673738
30.1,25.431995,22.7,27.45977
30.6,29.620028,27.2,27.949268
21.2,30.970108,28.5,28.338076
20.7,22.46474,29.9,27.719492
21.6,24.910923,31.9,26.428844
20.9,22.286936,31.6,25.83244
27.3,23.450342,32.9,25.087461
31.4,28.287853,33.2,26.35681
23.4,29.684868,26.1,27.830574
18.5,20.947268,29.9,26.971249
19.1,20.559526,27.9,25.237299
22.7,21.571842,28.0,24.355164
27.2,25.476566,28.7,25.226826
28.5,28.460848,28.0,25.986715
29.9,27.741796,29.1,25.812706
31.9,28.9606,30.1,26.351135
31.6,29.997288,29.3,26.669188
32.9,29.938047,32.7,26.499388
33.2,31.42052,34.4,28.289051
26.1,31.723415,34.7,28.473404
29.9,26.467155,34.0,26.510593
27.9,29.539925,25.2,26.686613
28.0,27.135612,25.7,27.003738
28.7,28.193998,25.2,27.85572
28.0,28.579199,25.2,28.388996
29.1,29.520823,25.1,28.868504
30.1,29.039167,22.5,28.77227
29.3,29.807442,22.9,29.052786
32.7,30.492884,22.4,28.912258
34.4,32.613274,24.5,29.671429
34.7,32.836056,23.7,30.030632
34.0,31.876635,21.9,29.931128
25.2,30.594421,21.6,29.789162
25.7,25.264011,20.9,28.659199
25.2,28.361294,17.0,28.406204
25.2,27.559792,21.8,28.195454
25.1,27.204674,25.9,28.208893
22.5,25.426878,27.8,27.86608
22.9,24.454165,29.5,26.966372
22.4,23.39887,23.9,26.291893
24.5,22.89088,22.9,25.558104
23.7,26.405937,28.6,25.845524
21.9,23.787056,24.1,24.681053
21.6,23.346996,29.7,24.473263
20.9,20.516426,21.4,22.223377
17.0,19.072906,24.2,21.451471
21.8,18.140934,29.4,20.87483
25.9,24.104685,28.8,22.011013
27.8,26.727455,27.3,23.495779
29.5,28.120262,23.8,24.83816
23.9,28.564495,24.8,25.905863
22.9,21.743599,27.3,24.897089
28.6,24.884903,26.5,24.526499
24.1,28.128592,25.9,25.62423
29.7,24.563843,26.1,25.326029
21.4,27.955462,29.0,25.913666
24.2,21.827862,21.8,24.775349
29.4,26.063301,22.0,25.00093
28.8,28.329721,22.8,26.553202
27.3,28.470396,22.3,26.86139
23.8,26.390238,24.1,27.409897
24.8,25.06789,28.6,26.59614
27.3,26.143877,26.0,25.531794
26.5,27.782776,25.5,26.538366
25.9,26.101288,25.4,26.79765
26.1,26.516932,26.9,26.829662
29.0,26.078684,22.0,26.754814
21.8,26.533804,27.9,25.588104
22.0,21.914865,30.4,25.495182
22.8,23.292274,32.2,25.213192
22.3,25.082735,34.6,25.175095
24.1,23.720934,27.6,24.343287
28.6,23.922245,30.2,24.227201
26.0,26.703209,34.0,25.457516
25.5,23.93449,23.4,24.158419
25.4,24.017027,21.8,23.280205
26.9,25.593693,27.8,24.264086
22.0,24.361105,28.0,23.688183
27.9,23.248846,28.3,23.997705
30.4,27.830315,23.2,24.770706
32.2,29.012638,23.1,25.636095
34.6,31.442764,26.8,26.921688
27.6,30.21352,28.3,27.550072
30.2,27.708746,23.3,27.254269
34.0,30.52973,19.3,27.913242
23.4,29.343332,20.6,27.770248
21.8,21.039757,24.2,27.505882
27.8,24.933817,27.1,27.318485
28.0,28.761185,30.2,27.292797
28.3,29.107044,19.9,28.188377
23.2,29.011543,20.2,28.312647
23.1,22.639156,26.8,27.5025
26.8,25.545002,30.6,26.722828
28.3,28.32443,30.9,26.952953
23.3,27.178715,35.1,26.953373
19.3,22.623255,29.3,26.977386
20.6,21.434244,32.0,25.092405
24.2,23.130545,31.2,23.34405
27.1,24.701603,30.0,23.915255
30.2,27.30111,30.8,25.446133
19.9,25.828482,27.7,25.933355
20.2,18.469872,26.8,23.957155
26.8,19.797037,28.6,22.28374
30.6,25.541824,32.9,22.614311
30.9,29.646486,31.6,26.318573
35.1,30.23155,26.2,26.00911
29.3,30.802246,30.0,24.466326
32.0,27.099396,24.8,23.596668
31.2,30.415747,25.0,25.25571
30.0,28.442625,26.0,26.423126
30.8,29.311968,26.8,27.661114
27.7,30.123297,22.0,27.561756
26.8,26.670269,21.5,26.259861
28.6,26.575489,24.5,26.829477
32.9,30.07924,25.9,28.266008
31.6,32.66987,27.6,29.85654
26.2,29.950354,30.3,30.040972
30.0,28.232231,31.9,29.32375
24.8,31.441366,30.2,29.357105
25.0,25.082634,28.7,28.404621
26.0,27.357986,32.9,27.844242
26.8,28.011753,34.5,27.71211
22.0,26.47256,21.9,27.511593
21.5,22.811914,21.4,27.002
24.5,24.65708,27.5,26.451756
25.9,26.637184,30.2,26.235376
27.6,27.108747,21.3,26.49084
30.3,28.375177,22.2,26.892504
31.9,29.627449,21.9,27.239643
30.2,29.82961,29.1,27.714287
28.7,27.031038,24.8,26.544191
32.9,27.562962,32.5,26.849695
34.5,30.816383,37.3,27.857449
21.9,28.836277,30.5,27.825054
21.4,20.188522,23.2,25.250038
27.5,23.337383,28.4,24.683273
30.2,28.470566,33.0,26.635387
21.3,27.61784,30.8,27.475058
22.2,23.984058,25.5,27.305447
21.9,23.43264,31.1,26.446613
29.1,23.363188,28.4,25.61985
24.8,28.100353,32.2,25.738604
32.5,22.07683,34.9,24.677145
37.3,30.718857,28.9,27.079674
30.5,31.20026,23.8,28.087193
23.2,25.763557,18.6,26.0594
28.4,25.052925,22.0,26.330145
33.0,29.430908,24.7,27.616404
30.8,30.920113,27.8,28.425533
25.5,29.483822,27.8,28.111584
31.1,26.952862,24.0,27.72017
28.4,29.59861,21.8,28.496258
32.2,28.171053,22.7,28.775106
34.9,31.896301,23.1,29.320112
28.9,32.05692,21.3,30.203663
23.8,25.702213,19.9,29.246988
18.6,21.582699,24.8,27.710537
22.0,21.716032,24.7,26.43435
24.7,25.272087,27.9,26.982412
27.8,26.946497,26.2,26.91867
27.8,28.759363,27.1,27.022818
24.0,27.107906,29.6,27.481302
21.8,21.722605,30.0,26.103529
22.7,22.14575,25.9,24.910315
23.1,23.9409,24.1,25.065971
21.3,22.865458,27.8,24.37961
19.9,23.109684,23.3,24.298485
24.8,21.875736,29.0,22.166464
24.7,25.248781,30.1,22.238714
27.9,22.83,31.7,21.217838
26.2,26.438217,31.8,22.099989
27.1,26.03775,27.9,22.295553
29.6,26.629086,28.3,22.642838
30.0,27.956446,29.7,22.618303
25.9,27.551561,25.0,21.982012
24.1,24.255016,23.1,22.46225
27.8,24.876883,23.5,22.817642
23.3,27.778622,22.5,24.091877
29.0,24.80494,23.8,24.93676
30.1,28.695883,25.3,26.672903
31.7,29.448217,25.7,27.671307
31.8,31.169159,27.3,28.050465
27.9,31.478441,29.6,28.674847
28.3,26.928864,26.6,28.69598
29.7,30.228884,32.0,28.533722
25.0,30.005257,28.6,28.60263
23.1,23.179895,26.2,28.100445
23.5,24.867672,28.4,27.487377
22.5,24.187704,29.5,27.009079
23.8,25.346598,31.8,26.416313
25.3,26.314028,33.9,26.72382
25.7,26.980188,34.4,27.050415
27.3,26.306677,35.9,26.575895
29.6,28.266752,27.7,26.66032
26.6,28.4116,24.4,26.536621
32.0,25.737083,33.0,26.384506
28.6,30.351723,34.1,27.014559
26.2,27.1537,32.2,25.769121
28.4,26.755674,32.8,25.365608
29.5,28.154606,27.9,25.547941
31.8,28.572794,22.3,26.625793
33.9,30.309052,25.5,28.0851
34.4,31.714357,28.4,29.069714
35.9,32.57249,24.3,29.299425
27.7,33.74275,24.3,30.114069
24.4,26.56198,18.2,29.702244
33.0,27.460264,22.8,29.067087
34.1,32.78082,19.6,30.036243
32.2,33.314217,21.9,30.585068
32.8,31.514122,24.2,30.591557
27.9,31.572166,27.6,30.741835
22.3,28.129604,27.5,30.178612
25.5,26.204971,29.7,29.380135
28.4,28.427797,31.2,28.742914
24.3,29.102543,34.0,28.852673
24.3,25.012959,29.8,28.429634
18.2,25.796225,24.0,27.417706
22.8,21.719437,22.9,26.784204
19.6,25.49686,19.1,25.989191
21.9,21.942097,24.0,25.367527
24.2,24.934557,26.8,25.021606
27.6,26.033798,33.0,25.053953
27.5,25.338781,30.8,24.13674
29.7,26.525541,34.8,24.697626
31.2,28.338068,33.4,25.794128
34.0,30.203259,29.3,26.456417
29.8,29.933544,22.6,26.683207
24.0,27.34909,18.8,26.232637
22.9,23.28385,25.7,25.291653
19.1,23.881254,27.6,25.473886
24.0,22.860798,29.1,25.440186
26.8,26.563353,26.5,26.479458
33.0,28.351357,26.5,26.934816
30.8,31.577984,26.5,28.959621
34.8,31.000555,26.5,29.162949
33.4,32.329216,26.5,29.92673
29.3,30.63622,26.5,30.262224
22.6,28.589865,26.5,29.65205
18.8,24.380095,26.5,28.920425
25.7,22.861715,26.5,27.365364
27.6,28.536757,26.5,27.252108
29.1,29.501709,26.5,27.958252
26.5,30.091627,26.5,28.38891
26.5,25.320662,26.5,28.488604
26.5,28.249687,26.5,27.815428
26.5,26.612606,26.5,27.556152
26.5,23.783514,26.5,27.682217
26.5,27.964085,26.5,27.037603
26.5,28.05358,26.5,27.215958
26.5,27.24153,26.5,26.708582
26.5,26.022215,26.5,26.471199
26.5,23.244144,26.5,26.243122
26.5,21.897371,26.5,26.068218
26.5,23.55791,26.5,26.092127
26.5,27.20804,26.5,25.562931
26.5,24.417437,26.5,25.421846
26.5,20.881493,26.5,25.08461
26.5,26.722757,26.5,24.994152
26.5,28.262506,30.5,26.25882
26.5,28.262926,32.2,27.12732
26.5,27.112268,33.4,26.774883
26.5,28.487211,30.9,26.98592
26.5,28.20794,30.7,26.617542
26.5,27.74884,31.7,26.294933
26.5,26.548784,34.9,25.899849
26.5,21.766045,36.1,25.338863
26.5,24.411161,34.2,26.555859
26.5,27.694445,35.0,26.52894
26.5,27.528944,31.8,26.764277
30.5,27.294296,35.0,27.175804
32.2,30.590511,28.4,28.14161
33.4,31.299135,32.8,28.610838
30.9,31.577997,33.5,29.033897
30.7,26.928719,32.7,29.09389
31.7,28.749256,32.3,29.376373
34.9,31.815502,25.5,29.709774
36.1,33.35819,24.1,30.155838
34.2,33.627018,29.4,30.46249
35.0,31.907116,31.5,30.789854
31.8,33.333355,32.0,31.248356
35.0,31.798046,31.9,31.297829
28.4,33.636337,31.2,31.81556
32.8,30.035152,33.5,31.508423
33.5,33.953842,35.7,31.660631
32.7,34.268524,34.8,31.85204
32.3,33.47958,37.3,31.6876
25.5,33.169075,28.1,31.73602
24.1,26.099794,37.0,31.035973
29.4,27.506874,31.1,29.742989
31.5,31.091318,29.1,29.476637
32.0,31.44152,23.0,30.260061
31.9,32.189342,26.1,30.437534
31.2,32.103798,32.9,30.150156
33.5,31.047756,23.1,29.745937
35.7,32.70994,24.4,30.081713
34.8,32.961872,27.6,30.655262
37.3,33.675304,26.5,30.883526
28.1,34.75696,22.4,30.99956
37.0,29.508118,24.3,30.138012
31.1,34.749687,26.4,30.848633
29.1,29.870556,26.8,30.929483
23.0,29.421783,28.3,30.859297
26.1,26.643618,31.6,29.986225
32.9,27.773827,32.7,29.350567
23.1,29.668686,26.4,30.196733
24.4,24.449924,23.5,29.598415
27.6,27.814533,30.4,28.764345
26.5,28.47777,26.8,28.493252
22.4,25.937603,26.6,28.03254
24.3,23.478632,25.7,27.887531
26.4,26.541317,26.4,27.262714
26.8,26.435389,21.9,26.13954
28.3,26.63465,24.6,26.147182
31.6,29.078325,28.3,26.790485
32.7,31.293983,30.6,27.947039
26.4,30.779991,29.9,28.35014
23.5,25.70624,27.5,27.24767
30.4,25.941399,22.3,27.408798
26.8,30.68614,25.6,27.914906
26.6,27.20864,25.3,27.556107
25.7,27.46481,30.2,27.235832
26.4,26.660423,29.6,27.113682
21.9,27.706469,30.9,27.18819
24.6,24.419949,33.9,27.019283
28.3,26.486359,24.8,27.185488
30.6,27.532274,26.9,27.167418
29.9,27.941113,32.7,27.791246
27.5,28.58709,36.2,27.497818
22.3,27.483519,28.9,27.244455
25.6,25.339766,23.2,27.306293
25.3,26.950481,26.3,27.038385
30.2,25.298677,25.7,26.661442
29.6,28.812353,26.7,27.139416
30.9,28.718979,26.1,27.536692
33.9,30.204817,25.7,27.646797
24.8,30.775213,27.7,28.629616
26.9,24.575396,26.6,27.766312
32.7,27.151054,25.9,27.529089
36.2,30.995571,28.2,28.652771
28.9,31.233572,26.8,29.35228
23.2,23.059114,28.6,28.218073
26.3,25.739025,31.0,28.227615
25.7,26.963041,22.6,26.874666
26.7,27.62843,27.7,27.636648
26.1,28.304693,30.2,27.847227
25.7,27.869808,31.8,28.26739
27.7,25.3507,33.8,27.09483
26.6,26.383596,24.7,25.644331
25.9,26.372585,26.8,25.846294
28.2,26.951078,26.8,26.038464
26.8,28.780159,31.4,26.401226
28.6,26.578691,24.1,25.221094
31.0,28.655743,27.5,25.874878
22.6,28.532192,29.6,26.680761
27.7,24.452196,32.5,26.002926
30.2,28.909107,30.4,26.912315
31.8,30.208643,28.2,27.877838
33.8,30.152971,30.6,28.369247
24.7,31.971981,33.1,29.0232
26.8,24.446474,29.1,28.12679
26.8,26.90982,22.4,28.081203
31.4,28.663717,24.6,27.954456
24.1,31.15492,28.0,28.957378
27.5,26.028248,25.9,28.224741
29.6,29.336586,24.7,27.773142
32.5,29.340084,26.4,27.74398
30.4,28.713657,30.1,28.5545
28.2,28.475262,30.0,28.645052
30.6,28.263891,31.6,28.388752
33.1,30.348503,32.6,28.469343
29.1,29.844824,24.1,28.273611
22.4,25.864563,25.0,27.214457
24.6,23.608995,27.5,27.190874
28.0,27.387817,26.6,27.043966
25.9,28.690357,30.3,27.523079
24.7,26.740026,31.9,27.49329
26.4,26.951063,30.4,27.36985
30.1,28.438534,30.3,27.475712
30.0,29.714916,29.6,27.878124
31.6,29.454092,31.0,28.401041
32.6,31.166592,24.9,28.808386
24.1,28.632122,26.0,29.089249
25.0,25.445374,28.7,28.106842
27.5,27.011833,29.0,27.059847
26.6,29.258095,28.3,27.934906
30.3,28.434544,31.8,27.885048
31.9,31.071577,32.5,28.44114
30.4,30.918827,33.3,28.906141
30.3,30.094147,33.8,28.952307
29.6,29.63397,27.9,28.938652
31.0,29.745596,20.6,29.025082
24.9,31.385677,22.6,29.25611
26.0,24.01857,24.5,28.613213
28.7,28.038113,24.3,27.394428
29.0,29.54783,25.8,27.9522
28.3,28.240818,26.7,28.27353
31.8,28.740019,28.4,28.396996
32.5,31.696827,28.9,28.85957
33.3,32.31089,24.2,29.259459
33.8,32.00723,30.9,29.490154
27.9,32.38675,31.6,29.825966
20.6,26.075771,33.4,29.395218
22.6,23.458967,27.9,28.907896
24.5,25.894459,25.0,27.504791
24.3,26.968775,26.4,27.122019
25.8,26.881172,25.3,27.3247
26.7,27.41251,30.0,27.469233
28.4,28.088003,32.2,27.37914
28.9,28.577486,27.3,27.52773
24.2,27.388763,28.1,27.5333
30.9,25.575464,24.6,27.084276
31.6,30.526356,20.7,27.46849
33.4,30.257673,22.7,27.586601
27.9,31.47555,24.9,27.40928
25.0,24.140509,26.5,26.50392
26.4,25.963943,26.4,26.711302
25.3,26.645452,29.4,26.791698
30.0,26.604116,24.6,27.03688
32.2,29.500832,21.7,27.901484
27.3,32.576485,24.4,29.306007
28.1,26.509947,24.7,28.249914
24.6,27.714132,26.6,28.0928
20.7,26.191975,29.4,27.597385
22.7,23.646692,29.2,27.564644
24.9,25.798592,31.9,27.173964
26.5,26.74626,26.6,26.376795
26.4,26.481472,25.6,25.886654
29.4,27.439754,26.6,26.384216
24.6,29.64054,32.5,27.183496
21.7,24.478611,29.5,26.609184
24.4,24.287205,28.0,26.514511
24.7,24.599146,30.7,25.657845
26.6,23.136404,30.4,25.044298
29.4,26.614283,30.1,25.068272
29.2,28.453074,33.6,26.22791
31.9,29.096478,29.9,26.844328
26.6,31.143822,21.9,27.929495
25.6,24.377071,20.5,27.393215
26.6,27.172134,28.8,27.465649
32.5,28.073456,30.3,27.522001
29.5,30.171112,30.0,27.880222
28.0,28.052868,26.5,28.582733
30.7,29.033745,26.5,28.14427
30.4,30.297527,26.5,28.358868
30.1,30.092512,26.5,28.628414
33.6,30.080376,26.5,28.949371
29.9,30.999945,26.5,29.77451
21.9,27.326431,26.5,29.612892
20.5,23.951534,26.5,28.364305
28.8,24.67328,26.5,27.221397
30.3,30.242245,26.5,28.564629
30.0,30.005903,26.5,29.199688
26.5,30.751116,26.5,29.12489
26.5,21.133715,26.5,28.617561
26.5,22.14332,26.5,28.361534
26.5,25.882214,26.5,27.230152
26.5,27.521223,26.5,28.129023
26.5,28.6254,26.5,28.315361
26.5,27.943045,26.5,26.994928
26.5,27.652733,26.5,26.906956
26.5,27.839197,26.5,26.93492
26.5,28.180065,26.5,27.348469
26.5,27.717659,26.5,27.170895
26.5,28.111488,26.5,27.405334
26.5,25.414358,26.5,25.446335
26.5,26.658287,26.5,25.586918
26.5,27.750957,26.5,26.305964
26.5,27.636578,26.5,26.715363
26.5,26.912846,26.5,26.941343
26.5,27.812054,26.5,26.603575
26.5,27.583508,26.5,26.951809
26.5,26.202703,18.0,26.934658
26.5,26.1237,20.6,26.72011
26.5,25.119621,22.7,26.576042
26.5,27.447456,23.4,26.787182
26.5,27.742773,23.9,26.98458
26.5,26.623281,25.7,26.976248
26.5,27.410492,26.4,27.001669
26.5,28.251776,27.5,27.244528
26.5,27.766087,31.8,27.235153
26.5,27.7835,20.1,27.317984
26.5,26.528965,27.2,27.432362
18.0,22.739271,25.7,27.397472
20.6,22.408783,24.4,26.323505
22.7,24.103756,27.7,25.178314
23.4,24.963776,29.6,25.14407
23.9,23.296371,29.1,25.11512
25.7,25.436424,29.0,24.935583
26.4,26.35073,25.7,25.199621
27.5,26.84465,20.5,25.382263
31.8,27.495995,22.2,25.97838
20.1,29.329937,24.6,26.733738
27.2,23.916859,27.2,25.72726
25.7,27.376297,26.9,25.332169
24.4,24.670887,25.5,24.733286
27.7,25.768257,27.6,25.26097
29.6,28.299414,26.7,26.555672
29.1,28.661375,24.4,27.006008
29.0,28.70008,25.5,27.069742
25.7,27.643877,28.1,27.609867
20.5,25.084,28.6,27.036587
22.2,22.537405,29.3,26.576363
24.6,25.357506,29.3,26.011929
27.2,26.699818,29.3,26.229633
26.9,27.820122,29.3,26.785458
25.5,26.6514,29.3,26.46191
27.6,26.430702,29.3,26.311922
26.7,28.15129,29.3,26.712626
24.4,25.754038,29.3,26.222685
25.5,25.163794,29.3,25.705704
28.1,26.261763,29.3,25.782354
28.6,27.132294,29.3,25.944834
29.3,28.239153,29.3,25.861778
29.3,25.571867,29.3,26.33581
29.3,27.826916,29.3,26.785105
29.3,28.907383,29.3,26.683935
29.3,28.9659,29.3,26.725336
29.3,26.842276,29.3,26.876724
29.3,29.595026,29.3,27.818565
29.3,30.692518,29.3,28.110588
29.3,28.293282,29.3,27.81651
29.3,30.39344,29.3,28.403688
29.3,27.18789,29.3,27.735851
29.3,27.332676,29.3,28.172573
29.3,28.036833,29.3,27.994028
29.3,29.570816,29.3,28.42416
29.3,29.144615,29.3,28.761856
29.3,29.771645,29.3,28.81643
29.3,30.75338,29.3,29.025116
29.3,29.148685,29.3,28.76805
29.3,29.152061,29.3,28.826237
29.3,29.932663,29.3,28.874264
29.3,27.95862,29.3,29.034136
29.3,30.345665,29.3,28.639954
29.3,30.31362,29.3,28.81725
29.3,30.354996,29.3,28.8059
29.3,29.960035,29.3,28.743313
29.3,29.3566,29.3,28.70064
29.3,28.473997,29.3,28.55347
29.3,26.636831,29.3,28.844475
29.3,28.280931,29.3,28.912676
29.3,29.934507,29.3,28.980827
29.3,28.481863,29.3,29.076212
29.3,28.281511,29.3,28.921965
29.3,31.600622,29.3,29.383348
29.3,29.281979,29.3,29.370937
29.3,25.65935,29.3,29.64652
29.3,25.372252,29.3,29.865643
29.3,29.316158,29.3,29.507994
29.3,30.714321,29.3,29.892746
29.3,30.670164,29.3,30.021713
29.3,31.713852,29.3,30.03218
29.3,29.627752,29.3,29.63657
29.3,30.945183,29.3,29.542345
29.3,29.291513,29.3,29.288015
29.3,28.581848,29.3,29.352936
29.3,27.740013,29.3,29.228388
29.3,30.643269,29.3,29.207882
29.3,31.25187,29.3,29.309744
29.3,30.067146,29.3,28.914103
29.3,29.39378,29.3,28.82202
29.3,29.129429,29.3,28.918663
29.3,28.682636,29.3,28.771067
29.3,29.332422,29.3,28.653011
29.3,26.875998,29.3,29.208395
29.3,29.358719,29.3,29.121859
29.3,30.706615,29.3,29.163383
29.3,30.19268,29.3,28.977497
29.3,29.549934,29.3,28.958603
29.3,29.571514,29.3,29.047873
29.3,30.36036,29.3,28.66409
29.3,30.303102,29.3,28.757206
29.3,29.90448,29.3,28.81613
29.3,28.065472,29.3,28.741713
29.3,28.47907,29.3,28.442926
29.3,26.336071,29.3,28.969315
29.3,28.851349,29.3,28.482336
29.3,27.78941,29.3,28.717262
29.3,29.318035,29.3,28.693897
29.3,28.85132,29.3,29.001617
29.3,29.320124,29.3,29.029936
29.3,30.33229,29.3,29.04305
29.3,29.304031,29.3,29.178951
29.3,29.70655,29.3,29.26072
29.3,29.459867,29.3,29.28824
29.3,29.982891,29.3,29.163303
29.3,29.416971,29.3,28.53754
29.3,30.62873,29.3,28.774633
29.3,30.477062,29.3,28.714151
29.3,29.614021,29.3,28.674105
29.3,28.613665,29.3,28.741932
29.3,30.0592,29.3,28.820198
29.3,30.174068,29.3,28.804222
29.3,29.910141,29.3,28.882545
29.3,30.415625,24.6,28.879353
29.3,30.222326,25.0,28.762768
29.3,29.115555,23.9,28.527855
29.3,27.056139,23.6,28.720291
29.3,25.67807,25.7,28.965134
29.3,27.855719,26.4,28.637232
29.3,30.227886,17.0,28.995428
29.3,30.118946,24.4,28.888798
29.3,26.828999,27.3,28.628101
29.3,29.296984,29.5,28.711706
29.3,30.424927,25.6,28.88455
24.6,29.51894,29.6,28.880424
25.0,26.420311,26.5,28.619215
23.9,27.203733,25.5,28.280176
23.6,26.412891,27.5,27.459978
25.7,25.645859,28.4,26.906609
26.4,27.080414,31.0,27.040262
17.0,25.053625,29.4,26.942919
24.4,21.832268,31.2,26.385199
27.3,26.78645,31.3,26.203224
29.5,27.30968,28.6,26.432934
25.6,29.55657,26.7,26.972918
29.6,25.773191,31.4,26.788006
26.5,29.47445,29.4,26.843689
25.5,26.212303,24.3,26.280275
27.5,26.680212,28.5,25.895721
28.4,27.547586,31.0,26.581995
31.0,28.73451,31.0,27.30431
29.4,29.895142,33.6,27.575989
31.2,28.92797,34.8,27.63198
31.3,31.52066,34.1,28.628391
28.6,31.1068,23.2,28.78493
26.7,27.888874,24.3,28.507467
31.4,27.946589,26.1,28.354288
29.4,30.477955,28.2,28.969162
24.3,28.207209,30.0,28.820475
28.5,26.614412,32.9,28.408924
31.0,29.576359,33.2,28.447924
31.0,31.083431,25.1,29.0509
33.6,30.784073,21.1,29.270054
34.8,31.949898,22.8,29.890219
34.1,32.20449,20.1,30.2748
23.2,33.43488,21.6,30.363308
24.3,22.696772,25.6,29.246672
26.1,27.461233,27.3,28.115593
28.2,28.569248,28.6,28.060225
30.0,29.974344,25.4,28.343502
32.9,30.901669,24.1,28.80864
33.2,32.062584,24.1,29.272995
25.1,31.36251,27.3,29.77375
21.1,25.963547,28.0,28.991957
22.8,23.699093,31.9,28.191221
20.1,24.0751,33.6,27.228373
21.6,22.71995,35.4,26.262045
25.6,25.397238,33.4,25.987919
27.3,27.540886,32.5,26.601753
28.6,28.352827,33.4,27.215437
25.4,28.782955,24.6,27.597971
24.1,26.264538,25.0,27.054802
24.1,24.569984,27.0,26.643478
27.3,26.181,29.6,26.185738
28.0,27.064209,24.4,25.871183
31.9,28.180265,29.5,26.187424
33.6,30.629717,32.3,27.536438
35.4,30.663254,32.2,28.244099
33.4,32.91634,33.3,28.879232
32.5,30.643023,34.2,29.270496
33.4,32.092113,34.1,29.67984
24.6,32.82583,33.8,30.07692
25.0,24.660938,27.8,29.242409
27.0,27.89132,28.7,28.736206
29.6,29.094255,33.1,28.805677
24.4,29.995655,33.0,29.0887
29.5,26.366783,36.1,28.848217
32.3,31.896309,27.6,29.410732
32.2,31.828358,32.0,29.881851
33.3,31.917206,35.5,29.917383
34.2,32.01275,35.7,30.14279
34.1,31.933514,35.7,30.308079
33.8,30.75544,39.1,30.486725
27.8,31.353973,32.5,30.227419
28.7,28.033094,28.4,29.822353
33.1,30.851059,33.5,30.12744
33.0,33.25286,34.9,30.511913
36.1,32.965942,34.6,30.665482
27.6,33.250736,36.6,31.517096
32.0,27.661367,29.6,30.842575
35.5,32.5215,33.5,30.867445
35.7,34.808662,27.7,31.463688
35.7,33.946064,30.1,31.602814
39.1,34.92636,34.4,31.649944
32.5,34.556107,37.5,31.734814
28.4,28.375505,39.2,31.333944
33.5,30.696812,25.5,31.149693
34.9,33.019043,25.4,31.416893
34.6,33.89631,31.3,31.858082
36.6,34.018753,33.2,32.084213
29.6,35.855618,33.0,32.36979
33.5,31.373365,33.7,31.90054
27.7,33.254482,26.4,31.87513
30.1,28.470652,23.9,31.11264
34.4,31.36205,26.7,30.769997
37.5,34.724564,27.5,31.278336
39.2,35.50063,30.6,31.592773
25.5,35.82065,36.4,32.04643
25.4,26.02743,30.0,31.747414
31.3,29.143671,21.3,29.990185
33.2,31.732082,20.3,30.31535
33.0,32.03859,24.5,30.864391
33.7,32.305885,26.7,31.032627
26.4,33.42,28.0,31.085043
23.9,27.277126,26.9,30.397917
26.7,26.483126,27.4,29.378025
27.5,28.129343,27.5,28.794052
30.6,29.334005,23.5,29.029106
36.4,31.009983,27.8,29.324434
30.0,32.032684,30.2,29.89915
21.3,28.770123,30.6,29.198513
20.3,24.120668,28.1,28.645891
24.5,24.129742,25.3,27.701227
26.7,26.971172,26.5,26.751482
28.0,28.02694,28.7,26.99603
26.9,26.026812,31.9,26.628933
27.4,25.599495,28.5,26.43955
27.5,27.44472,33.4,26.326595
23.5,27.002037,33.2,26.64182
27.8,25.137287,33.2,26.259811
30.2,28.555103,33.7,26.730639
30.6,29.506691,28.5,27.020666
28.1,29.076057,24.5,26.94349
25.3,27.149565,25.6,26.687462
26.5,26.02776,28.0,26.35726
28.7,28.298603,30.4,27.213331
31.9,29.881832,31.6,27.85846
28.5,31.924568,33.1,28.700565
33.4,26.951466,32.8,28.41785
33.2,32.56358,28.1,29.2066
33.2,31.180555,29.6,29.439846
33.7,31.30339,29.1,29.77349
28.5,30.457752,32.6,30.347282
24.5,27.722698,28.3,30.046143
25.6,27.691486,25.6,29.159447
28.0,28.244593,23.2,28.597887
30.4,29.606468,18.1,28.691256
31.6,31.188677,24.1,29.406101
33.1,30.976562,27.3,29.83609
32.8,31.62078,27.3,30.00957
28.1,30.948227,31.1,30.228653
29.6,28.848255,33.6,29.697933
29.1,30.730152,28.3,29.646713
32.6,29.864548,33.1,29.157167
28.3,30.766598,28.1,29.234537
25.6,27.71423,29.5,28.76686
23.2,26.56,22.8,28.49405
18.1,24.664135,23.9,28.065884
24.1,20.528385,28.6,27.143717
27.3,26.791828,25.6,26.84317
27.3,28.609844,22.8,27.53039
31.1,27.758186,21.2,27.303741
33.6,30.81378,24.7,28.30913
28.3,31.751785,30.6,28.99049
33.1,28.842113,30.7,28.501366
28.1,31.712452,24.8,28.805424
29.5,27.534863,26.6,27.95439
22.8,28.721977,26.6,27.360073
23.9,23.1574,28.2,26.143337
28.6,23.972801,29.1,26.156128
25.6,30.15231,33.2,28.087605
22.8,26.338028,28.2,27.899834
21.2,24.758522,23.9,28.104052
24.7,24.024982,28.6,26.839254
30.6,27.43303,28.9,26.648478
30.7,30.957752,30.7,28.20184
24.8,31.106586,30.9,28.41492
26.6,25.671045,30.0,27.61449
26.6,27.2193,32.0,27.110764
28.2,27.475824,33.1,26.843307
29.1,28.658,26.4,27.107012
33.2,29.778843,30.6,28.02933
28.2,31.430412,32.2,28.689436
23.9,26.749485,33.1,27.913425
28.6,26.471943,33.3,27.483774
28.9,28.482386,35.2,27.915913
30.7,28.722311,28.4,28.150932
30.9,30.839354,25.2,28.535622
30.0,29.942108,28.6,28.59151
32.0,30.512901,21.9,28.525024
33.1,30.804384,19.1,29.076515
26.4,30.789234,20.7,29.62604
30.6,26.302448,23.0,29.17601
32.2,29.581842,26.3,29.371801
33.1,31.458687,27.4,29.143919
33.3,32.379463,30.5,29.86541
35.2,33.307087,33.3,30.331259
28.4,32.291378,29.7,30.713686
25.2,28.30101,30.6,30.22099
28.6,28.161716,33.8,29.577068
21.9,29.46362,26.4,29.412724
19.1,24.360365,27.8,28.805386
20.7,22.293581,24.7,28.018856
23.0,24.75017,21.8,26.568466
26.3,25.855515,23.5,26.320831
27.4,28.096539,27.0,27.002886
30.5,28.24438,27.3,27.264914
33.3,30.374062,31.0,27.806995
29.7,29.624516,31.2,28.179377
30.6,28.168308,29.5,27.463062
33.8,30.795332,27.3,27.96247
26.4,31.527632,26.6,28.602905
27.8,26.56497,27.6,27.147766
24.7,26.844234,30.3,26.746841
21.8,24.455885,29.5,26.740507
23.5,24.925337,31.7,26.907778
27.0,26.624464,32.3,27.362963
27.3,28.888292,34.2,27.540768
31.0,28.312433,23.8,28.21568
31.2,31.429657,24.6,28.769644
29.5,30.381536,26.5,28.974072
27.3,28.577625,30.7,28.835537
26.6,28.083174,31.1,28.399925
27.6,27.745981,30.5,27.945908
30.3,28.933372,31.6,27.818796
29.5,30.201344,28.0,28.140076
31.7,29.036531,29.5,28.09434
32.3,31.534485,32.3,28.746202
34.2,31.85625,28.2,29.232166
23.8,31.176723,27.7,29.798172
24.6,23.224361,32.0,29.363888
26.5,27.208706,29.3,28.039982
30.7,28.842073,27.3,28.128513
31.1,31.289398,31.7,28.706879
30.5,31.41099,30.5,28.996754
31.6,30.015116,32.3,29.145353
28.0,31.36366,27.3,29.332144
29.5,28.612377,25.0,28.834236
32.3,30.05738,20.5,29.058094
28.2,32.710735,23.1,29.562141
27.7,28.942383,26.0,29.151379
32.0,29.058098,27.2,28.614912
29.3,30.612085,29.4,29.0911
27.3,29.675837,30.1,28.896255
31.7,28.17078,31.7,28.927221
30.5,30.865416,30.7,29.355888
32.3,30.284195,31.1,29.090631
27.3,31.892536,31.7,29.521988
25.0,26.208965,27.0,29.087955
20.5,26.158815,33.4,28.507643
23.1,23.56922,30.6,27.924753
26.0,25.44264,26.2,27.102139
27.2,27.913181,21.7,27.490831
29.4,29.048376,25.7,27.661224
30.1,29.795609,29.5,28.316368
31.7,31.074112,30.0,28.664925
30.7,30.612606,31.4,28.99957
31.1,30.44598,29.7,28.9445
31.7,30.07052,31.7,29.080364
27.0,31.280956,31.2,29.131248
33.4,28.37703,27.5,28.537153
30.6,32.34656,30.8,29.109539
26.2,28.234821,32.6,29.391136
21.7,25.892225,30.0,29.157063
25.7,25.614532,26.4,28.160065
29.5,28.67515,28.5,28.527355
30.0,30.606377,33.5,28.990269
31.4,29.01195,31.3,29.28859
29.7,29.580652,31.0,29.67192
31.7,30.183867,36.7,29.148607
31.2,32.500175,31.2,29.767532
27.5,31.18031,26.0,29.887281
30.8,28.368633,26.3,29.277893
32.6,31.35897,26.0,29.269243
30.0,31.894955,29.0,29.220898
26.4,29.549534,32.6,29.174072
28.5,28.155123,33.0,29.189636
33.5,30.272179,34.2,29.296318
31.3,33.443657,34.5,30.091652
31.0,29.155432,36.7,29.948017
36.7,30.874039,29.0,29.74664
31.2,33.775307,27.1,30.743969
26.0,28.024899,25.9,30.225033
26.3,28.072052,24.7,29.763134
26.0,28.668854,25.5,29.405216
29.0,28.52792,26.2,28.955078
32.6,30.720694,24.8,29.205536
33.0,32.446217,24.9,29.963951
34.2,32.46398,26.5,30.446657
34.5,32.38274,31.7,30.698078
36.7,33.523674,32.9,30.777992
29.0,34.53997,33.2,31.123432
27.1,30.220074,30.7,30.69026
25.9,27.522816,28.4,29.85954
24.7,27.768042,26.8,28.750114
25.5,27.597149,29.9,28.361752
26.2,28.071177,27.4,28.34974
24.8,27.61275,27.5,28.312607
24.9,27.128006,29.0,28.155613
26.5,25.945442,32.4,27.585705
31.7,28.3182,33.3,27.541039
32.9,32.19761,33.9,28.893501
33.2,32.64473,33.6,29.29143
30.7,31.888596,30.5,29.240345
28.4,27.97863,34.3,28.893661
26.8,26.984581,36.5,28.12762
29.9,28.085325,37.8,27.849075
27.4,29.987335,36.8,28.7934
27.5,29.318829,36.8,28.565622
29.0,28.661804,35.6,28.396553
32.4,28.9764,36.5,28.603653
33.3,31.75621,34.6,29.484026
33.9,32.140392,35.2,30.078482
33.6,32.724083,24.3,30.393166
30.5,32.417274,25.1,30.448267
34.3,31.281574,27.5,30.215326
36.5,33.607353,28.7,30.432858
37.8,34.58008,31.8,31.123737
36.8,35.246742,34.4,31.757164
36.8,34.07906,32.9,32.035892
35.6,35.167496,34.7,32.267548
36.5,34.21041,30.8,32.300163
34.6,35.671577,30.1,32.588295
35.2,34.428192,28.0,32.52833
24.3,34.34419,33.3,32.448425
25.1,26.3234,35.1,31.714294
27.5,29.020477,32.6,30.242971
28.7,29.570833,35.9,30.00378
31.8,30.279226,26.1,29.97353
34.4,32.446995,28.6,30.342737
32.9,33.880512,30.5,30.875013
34.7,32.699955,31.3,30.682144
30.8,33.53406,33.5,30.75298
30.1,29.228767,27.4,30.378613
28.0,30.483376,28.7,29.9724
33.3,28.089508,33.5,29.432137
35.1,32.5674,35.8,29.222424
32.6,33.390007,36.2,30.35067
35.9,31.816044,36.1,30.36703
26.1,31.95638,39.3,30.978395
28.6,27.259426,37.7,30.137852
30.5,30.08852,33.8,29.888805
31.3,30.665829,28.5,30.010227
33.5,32.16117,22.6,30.159391
27.4,32.669594,24.3,30.581179
28.7,28.374975,25.3,29.901089
33.5,30.886005,32.9,29.679268
35.8,32.98913,33.9,30.37302
36.2,32.711864,28.5,31.01498
36.1,34.093628,24.1,31.26234
39.3,34.46635,23.4,31.174969
37.7,34.626167,22.0,31.120571
33.8,32.15576,26.3,31.846806
28.5,31.457401,27.9,31.688812
22.6,30.325987,30.0,31.409622
24.3,27.410088,24.4,30.520292
25.3,27.455715,25.4,29.559763
32.9,27.674938,27.2,28.990759
33.9,33.163742,30.1,30.154438
28.5,33.846725,26.2,31.071714
24.1,28.586681,21.3,30.443071
23.4,26.785742,23.9,29.370789
22.0,26.426813,23.5,28.300047
26.3,25.07721,22.7,27.387962
27.9,27.701822,29.4,27.2483
30.0,28.108099,24.7,27.05572
24.4,29.875057,20.8,27.844725
25.4,23.565992,23.8,26.83725
27.2,26.603813,26.8,26.295296
30.1,27.159689,26.7,26.772558
26.2,29.35466,28.1,27.531242
21.3,24.551268,29.8,26.15157
23.9,23.00364,26.3,24.226646
23.5,24.411385,31.4,23.649448
22.7,24.4921,34.7,23.593464
29.4,23.997982,24.6,24.162775
24.7,29.151525,25.6,26.193102
20.8,23.568483,30.5,25.341278
23.8,21.285627,32.2,24.092165
26.8,24.839794,28.8,23.98349
26.7,26.302967,29.9,25.116962
28.1,25.230356,31.2,25.197332
29.8,26.673248,24.6,24.557604
26.3,29.225708,28.2,25.243046
31.4,26.62407,23.6,25.553408
34.7,29.583778,26.7,26.777138
24.6,30.311493,22.6,27.82216
25.6,23.7795,24.0,27.216305
30.5,27.508703,26.1,26.158276
32.2,30.250124,31.7,27.118351
28.8,30.91238,32.8,28.33069
29.9,27.830986,33.9,28.60749
31.2,28.98777,29.8,28.075111
24.6,30.379047,24.1,28.705463
28.2,26.015903,27.7,28.340405
23.6,27.556526,32.0,27.939205
26.7,25.590042,25.6,27.952812
22.6,27.19814,28.6,26.966715
24.0,24.300003,31.3,26.498873
26.1,26.837498,29.8,27.063808
31.7,27.57909,29.8,27.246151
32.8,30.375328,30.7,28.2766
33.9,31.367054,30.7,28.467087
29.8,30.403671,29.9,28.893835
24.1,29.151178,32.2,28.670425
27.7,26.404657,33.3,27.721592
32.0,28.889036,26.9,27.665281
25.6,29.749088,27.7,28.655796
28.6,27.175,27.9,28.07994
31.3,29.556675,30.6,28.250294
29.8,31.106071,32.7,28.924414
29.8,29.407612,24.3,28.970726
30.7,30.470478,27.8,29.074606
30.7,30.278091,28.9,29.113518
29.9,29.26186,28.4,29.003067
32.2,27.71038,25.9,28.675362
33.3,31.261562,28.1,28.916248
26.9,31.655079,27.8,29.592693
27.7,27.803986,30.2,29.229427
27.9,29.520351,32.3,28.595547
30.6,29.989305,30.7,29.038225
32.7,31.151756,30.0,29.289345
24.3,30.862469,28.0,29.860538
27.8,26.439714,25.7,29.188175
28.9,29.330551,28.2,28.996817
28.4,29.84138,32.7,28.757797
25.9,29.784122,32.7,28.961672
28.1,26.285568,33.3,28.617056
27.8,29.32693,34.1,28.02947
30.2,27.383308,32.3,27.2191
32.3,29.942633,33.1,28.148531
30.7,29.732147,28.8,28.902868
30.0,30.191845,27.1,28.755884
28.0,29.31788,28.3,28.6067
25.7,27.272648,30.2,28.004553
28.2,27.537966,31.0,27.816822
32.7,29.129833,25.9,28.101112
32.7,31.381214,37.0,29.153175
33.3,31.168224,29.9,29.480711
34.1,32.60576,24.1,29.708658
32.3,32.797047,26.3,29.997505
33.1,30.983955,27.3,30.16437
28.8,31.532818,22.6,30.286345
27.1,27.110287,23.0,29.408665
28.3,28.257109,28.0,29.242407
30.2,29.423609,28.0,28.92873
31.0,31.134995,31.8,29.246544
25.9,30.528715,25.7,29.978125
37.0,26.36889,27.4,29.347895
29.9,35.089993,30.0,30.658476
24.1,28.695621,29.6,30.153732
26.3,27.081434,29.6,29.51764
27.3,28.270973,29.5,28.772087
22.6,28.520073,26.2,28.300764
23.0,25.306404,24.1,27.681385
28.0,26.159496,22.8,26.992794
28.0,28.936237,22.5,27.43211
31.8,29.56574,24.1,27.844112
25.7,30.961752,27.0,28.382347
27.4,24.757833,29.6,27.743927
30.0,28.547997,30.6,27.7207
29.6,28.997,29.5,27.7451
29.6,28.892265,26.9,27.396889
29.5,30.001234,24.5,28.108864
26.2,27.281544,26.7,28.1541
24.1,26.074839,27.7,27.183891
22.8,25.962711,28.1,26.797525
22.5,25.417782,31.3,27.194393
24.1,25.029741,31.1,27.20119
27.0,26.931385,35.1,26.701704
29.6,28.293459,39.3,26.937124
30.6,29.970236,38.8,27.507095
29.5,29.166004,32.8,27.73278
26.9,28.127718,34.7,27.546091
24.5,25.584612,29.3,27.348484
26.7,24.88709,29.9,26.587683
27.7,26.813732,29.4,25.67667
28.1,27.854649,32.4,26.543972
31.3,28.972149,34.0,27.004747
31.1,31.446472,27.8,27.973576
35.1,29.010277,28.4,28.306421
39.3,33.62949,33.8,29.801353
38.8,34.464466,33.3,30.86933
32.8,33.886517,32.4,31.11882
34.7,31.79875,29.7,31.03087
29.3,33.18508,31.1,30.852692
29.9,29.751768,26.8,30.495544
29.4,31.61816,27.3,30.576271
32.4,30.62156,31.1,30.52038
34.0,32.915592,32.2,31.127563
27.8,32.561665,35.0,31.646461
28.4,29.575665,37.4,30.8282
33.8,29.964943,37.5,30.630386
33.3,33.364403,34.0,30.950743
32.4,33.439205,35.7,31.026236
29.7,30.352043,28.6,30.82471
31.1,30.316872,29.7,30.397274
26.8,29.986698,32.4,29.967043
27.3,27.864698,34.3,29.48262
31.1,29.94178,28.4,29.658504
32.2,32.36751,34.7,30.130499
35.0,32.04412,28.2,30.14377
37.4,33.433895,28.3,30.512583
37.5,34.148228,30.4,31.121155
34.0,32.46286,25.4,31.49533
35.7,33.060524,30.8,31.393223
28.6,32.63227,32.8,31.547588
29.7,29.821648,27.7,30.948397
32.4,31.688272,32.7,30.626236
34.3,32.742332,30.7,30.723465
28.4,33.574932,30.3,31.438406
34.7,30.357971,29.4,31.154182
28.2,33.536415,28.4,31.510227
28.3,27.716042,29.6,31.031609
30.4,30.691174,28.7,30.28474
25.4,30.104921,26.4,30.286491
30.8,27.439594,27.7,29.268456
32.8,31.249355,28.5,29.346088
27.7,31.095806,29.6,29.689964
32.7,29.101463,28.9,29.365305
30.7,32.060055,31.6,29.943104
30.3,30.850391,31.1,29.698147
29.4,31.008598,31.6,29.631878
28.4,29.0998,31.4,29.541649
29.6,29.445917,30.6,28.749891
28.7,30.471586,31.1,29.086802
26.4,27.195244,31.5,28.966467
27.7,26.920937,31.1,28.537315
28.5,28.82847,32.9,28.348717
29.6,29.801142,30.6,28.482204
28.9,30.440256,24.6,28.66275
31.6,29.530985,26.9,28.55601
31.1,31.239098,25.9,28.84526
31.6,30.626007,27.9,28.847675
31.4,29.80787,31.0,28.946346
30.6,31.037334,25.7,29.086815
31.1,30.737,26.6,29.221819
31.5,31.11697,27.9,29.214067
31.1,30.715303,23.7,29.197948
32.9,30.770144,26.3,29.297863
30.6,31.808767,25.6,29.828884
24.6,29.329208,19.3,29.668756
26.9,26.27834,25.0,29.41548
25.9,27.603176,26.1,29.050488
27.9,27.96672,29.5,28.478582
31.0,29.924656,30.1,28.967915
25.7,30.653751,28.0,29.324062
26.6,26.039537,26.7,28.556318
27.9,28.208782,27.8,28.094845
23.7,28.54518,29.8,28.01022
26.3,25.567905,30.7,27.480608
25.6,27.775326,25.3,27.411785
19.3,26.836962,25.0,26.898813
25.0,22.408052,26.7,25.581514
26.1,26.645061,27.3,25.963697
29.5,27.489944,31.4,26.40528
30.1,29.710743,27.3,27.508978
28.0,28.679749,20.9,27.713326
26.7,27.300545,23.6,26.798634
27.8,26.917643,27.5,26.904533
29.8,28.165962,31.3,26.96469
30.7,29.782524,31.5,27.492474
25.3,28.860443,31.6,27.927814
25.0,26.299892,30.7,27.428808
26.7,26.26742,32.6,27.130861
27.3,28.03345,28.8,27.01766
31.4,28.308348,33.4,27.654804
27.3,31.516182,26.5,28.667065
20.9,26.36065,31.3,28.10744
23.6,23.798294,27.6,27.505123
27.5,26.135647,28.0,26.71873
31.3,28.07982,21.9,27.201048
31.5,31.32786,24.1,28.21233
31.6,27.800892,28.0,28.399452
30.7,30.86103,24.5,28.2657
32.6,29.309845,26.3,28.127068
28.8,30.053123,29.9,28.48774
33.4,29.181673,26.2,28.822275
26.5,30.563837,30.5,29.262772
31.3,26.369036,26.1,28.440834
27.6,29.906027,30.1,28.429577
28.0,27.370232,25.7,28.280407
21.9,28.31174,29.0,28.840744
24.1,25.439281,31.1,28.405287
28.0,26.93127,30.8,27.591646
24.5,29.571392,25.0,28.194422
26.3,25.065296,22.3,27.703526
29.9,28.000645,25.7,27.714424
26.2,30.33458,26.1,27.927032
30.5,26.449677,30.2,27.459766
26.1,31.187061,25.5,28.193226
30.1,26.969147,25.5,27.731794
25.7,30.174744,25.1,27.883026
29.0,26.666267,27.1,27.220201
31.1,28.617037,29.7,27.501703
30.8,30.277596,31.3,28.120508
25.0,29.708136,26.0,28.606571
22.3,24.972574,29.4,27.70489
25.7,25.746,29.9,27.121994
26.1,27.786226,23.5,27.32945
30.2,27.79428,24.5,27.410734
25.5,29.447163,24.0,28.181206
25.5,26.072456,25.8,27.740559
25.1,26.643421,29.0,27.435036
27.1,26.94137,30.6,27.237444
29.7,28.617208,27.7,27.565063
31.3,28.971203,27.8,28.078478
26.0,28.64287,24.0,28.492718
29.4,23.920338,28.3,27.176441
29.9,29.253067,28.8,27.616468
23.5,30.131342,30.8,28.28354
24.5,26.311579,31.1,27.840384
24.0,26.1113,31.1,27.409054
25.8,25.916275,27.3,26.253065
29.0,27.120409,27.2,26.364548
30.6,28.688778,28.8,27.28757
27.7,28.239403,28.3,28.03114
27.8,28.217321,29.9,27.932951
24.0,29.23755,29.7,27.827034
28.3,25.647545,31.4,27.06378
28.8,28.397787,29.2,27.17604
30.8,29.642357,28.4,27.707472
31.1,29.554722,27.0,28.033718
31.1,28.685282,24.3,28.281769
27.3,31.003601,28.9,28.477386
27.2,28.526072,32.4,28.706001
28.8,27.981474,29.3,28.452744
28.3,29.592585,22.0,28.352524
29.9,28.76656,25.6,28.063046
29.7,30.085098,29.7,28.549662
31.4,28.962536,31.5,28.555199
29.2,31.041965,31.2,28.846302
28.4,29.238071,29.1,29.13262
27.0,29.411543,32.3,28.84827
24.3,25.942568,35.2,28.388329
28.9,27.100058,26.9,27.81382
32.4,30.427427,22.9,28.403454
29.3,30.66037,22.4,29.025753
22.0,25.456455,25.8,29.157703
25.6,25.57801,29.0,28.598507
29.7,28.29873,29.6,27.893799
31.5,30.73574,33.5,28.541733
31.2,31.946589,25.1,29.16397
29.1,29.825445,24.6,29.147667
32.3,28.339872,27.1,28.583359
35.2,31.456577,32.6,28.912016
26.9,30.763124,33.7,29.732786
22.9,27.168919,24.4,29.4927
22.4,25.8643,27.9,28.823027
25.8,26.246784,29.0,27.72547
29.0,28.094898,28.9,27.486935
29.6,30.150581,24.0,28.413208
33.5,29.991947,26.7,28.897137
25.1,31.159004,29.7,29.648602
24.6,25.72543,33.2,28.832396
27.1,27.485891,28.1,28.121555
32.6,28.712116,24.5,28.380571
33.7,32.08946,25.1,29.124786
24.4,31.36338,26.5,29.342329
27.9,25.56881,29.3,28.554022
29.0,28.828487,31.3,28.314903
28.9,29.681557,33.2,28.509783
24.0,28.555077,35.7,28.968342
26.7,26.539024,36.5,28.363226
29.7,28.737251,29.3,27.977268
33.2,29.72227,35.2,27.911066
28.1,32.70847,30.3,29.295008
24.5,27.471981,30.8,28.908688
25.1,24.974655,30.7,28.944963
26.5,25.933765,28.5,27.925854
29.3,27.92177,28.4,27.219334
31.3,29.266836,28.1,28.357172
33.2,31.763666,28.1,28.94912
35.7,32.01752,29.9,29.036715
36.5,33.016956,31.0,29.682636
29.3,32.849537,32.6,30.123642
35.2,28.707367,33.9,29.67621
30.3,33.511116,34.5,30.26286
30.8,29.350168,34.0,29.545033
30.7,31.482943,34.1,29.553
28.5,30.159508,29.3,29.495956
28.4,28.678978,27.4,29.464525
28.1,28.639727,32.2,29.520275
28.1,28.921665,32.8,29.261017
29.9,29.660715,34.7,29.069824
31.0,30.230484,31.7,29.374784
32.6,31.036545,31.0,29.450443
33.9,32.462143,33.8,29.714207
34.5,33.27015,34.9,30.109173
34.0,31.981838,32.8,30.111385
34.1,30.934738,34.1,30.254581
29.3,33.303925,33.8,30.33564
27.4,29.344172,25.1,29.860579
32.2,29.186825,26.9,29.441034
32.8,32.399685,32.3,29.792908
34.7,32.737823,29.6,30.22162
31.7,33.300674,32.1,30.70399
31.0,29.288568,34.3,30.961458
33.8,31.358,31.8,30.47921
34.9,32.40492,30.7,30.89664
32.8,33.757954,39.6,31.068546
34.1,32.56487,36.6,30.991798
33.8,33.821274,39.9,31.163319
25.1,29.90937,34.3,31.483398
26.9,26.70912,38.3,30.457546
32.3,29.583527,32.5,29.91377
29.6,32.237427,20.8,30.594425
32.1,29.893324,27.7,30.512016
34.3,33.19577,29.9,30.672039
31.8,32.130974,29.3,31.141283
30.7,32.21893,28.0,30.748014
39.6,31.745739,28.8,30.703575
36.6,34.803993,29.5,31.636852
39.9,34.15739,30.9,31.61293
34.3,35.857063,31.7,31.674473
38.3,32.33985,31.8,31.260668
32.5,35.99743,29.8,32.08752
20.8,30.276327,33.2,32.147503
27.7,26.073359,26.9,30.920181
29.9,30.031889,28.6,30.183807
29.3,30.813549,25.5,30.081186
28.0,30.824694,23.5,30.233528
28.8,29.85697,26.2,30.180634
29.5,30.342049,26.4,29.750736
30.9,30.423073,27.9,29.36972
31.7,31.021385,24.0,29.414463
31.8,29.90684,24.7,29.446522
29.8,30.291458,23.8,29.427147
33.2,29.145733,26.7,28.989868
26.9,31.921295,30.2,29.173746
28.6,27.34942,33.4,28.829464
25.5,28.52605,26.5,28.821297
23.5,24.73558,28.5,28.272083
26.2,25.245604,34.5,27.74548
26.4,27.000591,29.1,27.581219
27.9,26.219515,30.6,27.451925
24.0,25.993498,27.6,27.731176
24.7,25.060463,31.9,27.094532
23.8,25.634409,31.0,25.970533
26.7,24.613012,32.9,25.319489
30.2,28.02945,28.4,26.182978
33.4,30.724958,30.3,27.375805
26.5,32.27999,32.1,28.374393
28.5,26.610834,30.4,26.821198
34.5,29.321629,33.2,27.181103
29.1,32.61371,32.5,28.902824
30.6,27.90617,26.5,28.68071
27.6,30.072409,27.9,28.666264
31.9,28.330116,30.5,28.48337
31.0,31.56263,25.7,29.2437
32.9,31.31884,29.0,29.54769
28.4,32.88241,30.1,30.14965
30.3,29.589493,32.7,29.95064
32.1,30.436625,28.4,29.783993
30.4,31.536007,32.0,29.806585
33.2,30.183842,27.3,29.901955
32.5,31.290565,30.3,30.323944
26.5,32.27706,30.6,30.030807
27.9,27.177105,25.3,29.614931
30.5,29.83516,24.5,29.284595
25.7,29.458305,26.4,29.312635
29.0,26.357752,25.8,28.67259
30.1,28.919353,25.1,28.577078
32.7,29.640097,20.2,28.486107
28.4,32.057575,26.4,29.457277
32.0,28.222343,25.3,28.887661
27.3,32.078056,30.0,29.013063
30.3,27.116405,24.5,28.435616
30.6,30.461742,20.1,28.173729
25.3,29.728155,23.7,27.99308
24.5,24.611866,25.4,27.446732
26.4,25.402208,30.4,27.228355
25.8,27.511929,33.3,27.362965
25.1,26.831337,28.1,27.318783
20.2,26.313477,30.8,27.551472
26.4,24.197855,30.6,27.105585
25.3,26.858276,29.0,26.379055
30.0,27.232227,22.9,26.933609
24.5,27.731913,26.4,27.488825
20.1,23.601809,30.9,27.119785
23.7,22.988235,30.1,25.7642
25.4,25.893814,32.9,25.248198
30.4,26.52242,23.4,25.669252
33.3,30.155037,22.6,27.176872
28.1,30.23363,33.3,28.033318
30.8,26.471825,28.5,27.23414
30.6,29.34667,27.5,27.904999
29.0,30.204285,27.2,28.257906
22.9,28.165169,31.4,28.486483
26.4,24.259426,32.3,27.855913
30.9,29.012316,25.7,27.612608
30.1,31.035862,27.7,28.415043
32.9,30.926785,29.0,28.867775
23.4,30.390728,26.6,29.663897
22.6,24.064644,25.0,29.10567
33.3,26.482973,25.3,28.117777
28.5,31.888855,28.5,28.829468
27.5,28.460003,22.3,28.836765
27.2,28.072374,23.5,28.530586
31.4,28.835169,24.0,27.980026
32.3,31.255024,28.9,28.640213
25.7,29.21915,29.3,29.408766
27.7,26.441444,31.6,28.764614
29.0,29.456041,33.7,28.610199
26.6,29.962635,35.4,28.489681
25.0,25.496181,26.5,27.793997
25.3,27.131126,28.1,27.618784
28.5,27.578247,30.3,27.747368
22.3,28.93716,25.5,27.731197
23.5,24.728058,27.0,27.325949
24.0,25.599382,24.5,26.85291
28.9,26.44698,29.0,26.433033
29.3,29.572886,37.2,27.256962
31.6,29.675352,24.8,27.494698
33.7,30.788101,24.0,28.14092
35.4,31.96815,26.3,28.860826
26.5,31.236225,29.1,29.121668
28.1,26.607426,31.4,28.457153
30.3,29.175041,31.2,28.668987
25.5,31.148186,24.4,29.12203
27.0,26.577293,26.1,28.289494
24.5,27.817537,27.7,28.296654
29.0,26.542057,31.6,28.071949
37.2,30.16029,34.2,28.44994
24.8,32.638016,33.3,30.445063
24.0,20.89039,34.5,29.420107
26.3,26.667185,27.8,28.225067
29.1,28.457222,30.5,28.211052
31.4,30.140396,30.9,28.174913
31.2,31.068172,27.9,28.84834
24.4,28.82359,29.3,29.144688
26.1,24.683266,28.2,27.95563
27.7,27.828444,33.7,27.798658
31.6,29.281895,36.4,28.145376
34.2,32.36146,39.2,29.527327
33.3,32.98626,31.1,29.983877
34.5,32.99765,28.1,29.627222
27.8,32.04682,31.5,29.780794
30.5,26.831686,31.4,29.58423
30.9,30.444,31.7,29.828384
27.9,30.858473,26.9,29.849512
29.3,29.412624,29.0,29.60226
28.2,28.963978,23.9,29.419434
33.7,29.508202,24.3,28.991308
36.4,31.485186,29.0,30.023281
39.2,32.23719,32.2,30.935028
31.1,35.00688,31.1,31.512981
28.1,30.549747,33.7,31.253677
31.5,30.031239,34.9,30.690447
31.4,31.592037,35.7,30.445866
31.7,31.488274,29.9,30.42558
26.9,32.32125,32.0,30.745102
29.0,29.047764,27.6,30.385677
23.9,30.33339,30.2,30.105476
24.3,25.756182,23.4,29.552675
29.0,27.577427,25.0,28.447308
32.2,31.082998,31.3,29.183495
31.1,33.016457,33.3,29.900139
33.7,29.670034,28.0,29.709373
34.9,32.7202,26.1,29.89711
35.7,31.260883,27.7,30.2931
29.9,31.777718,31.7,30.568739
32.0,30.210217,25.8,30.327862
27.6,32.626022,29.0,30.487293
30.2,29.611841,33.0,29.883574
23.4,30.790852,36.6,29.652245
25.0,25.073174,31.4,29.364992
31.3,28.066229,29.0,28.822893
33.3,31.694826,28.3,29.747364
28.0,32.249317,29.9,30.261065
26.1,29.505297,30.7,29.955933
27.7,28.11303,27.2,29.43399
31.7,29.086636,22.9,28.787413
25.8,30.09335,16.2,29.26325
29.0,26.375332,24.9,28.70353
33.0,29.675154,30.4,28.785786
36.6,33.019226,30.3,29.414288
31.4,33.18878,32.5,30.095417
29.0,29.206852,22.1,30.249594
28.3,30.04983,24.6,29.91835
29.9,29.628008,28.5,29.529392
30.7,30.526402,32.0,29.400337
27.2,31.22049,28.2,29.816275
22.9,26.89799,31.1,29.688251
16.2,23.556974,28.0,29.109116
24.9,22.444107,29.2,27.26389
30.4,27.88197,30.2,27.323738
30.3,31.030256,32.7,28.735592
32.5,30.695808,30.8,28.84738
22.1,29.801285,30.3,29.084562
24.6,21.728998,30.0,27.84906
28.5,26.97048,28.3,27.175062
32.0,29.21761,28.1,27.63866
28.2,32.109196,30.2,28.939352
31.1,28.204956,31.0,28.110405
28.0,29.872766,30.9,27.68655
29.2,28.597036,31.4,27.638126
30.2,28.823084,34.3,27.945183
32.7,29.659922,32.5,28.644651
30.8,30.9874,34.3,29.108526
30.3,31.01223,28.2,28.881596
30.0,30.612926,27.9,28.356174
28.3,29.677002,23.3,28.437862
28.1,27.257578,25.3,28.667305
30.2,29.005253,25.3,28.708443
31.0,30.041164,21.7,28.813368
30.9,31.265865,25.6,29.07425
31.4,31.235117,30.0,29.331644
34.3,32.204662,27.8,29.711605
32.5,32.245407,24.0,30.079597
34.3,31.572083,25.7,29.906773
28.2,31.055786,27.3,30.487314
27.9,27.880785,30.1,29.823051
23.3,29.366611,29.9,29.551722
25.3,24.896614,28.4,28.57527
25.3,28.062012,29.5,27.851131
21.7,27.471676,31.2,27.563663
25.6,25.775126,30.4,27.194973
30.0,27.727392,27.0,27.300629
27.8,29.554111,32.9,27.856905
24.0,25.537405,28.8,27.916561
25.7,23.264671,26.4,27.606104
27.3,26.843178,28.4,26.628077
30.1,28.39404,23.6,27.156572
29.9,30.198029,24.1,27.599138
28.4,29.679821,25.9,27.551489
29.5,28.141296,27.7,27.523895
31.2,29.392223,29.8,27.763351
30.4,29.968035,33.1,28.265713
27.0,30.296915,26.9,28.678425
32.9,28.408363,24.8,28.592705
28.8,31.600616,23.0,28.545942
26.4,27.180637,22.1,27.700672
28.4,27.955395,31.7,27.816833
23.6,29.55917,28.4,28.48787
24.1,25.775932,30.3,27.909454
25.9,26.860462,23.5,27.655666
27.7,28.369408,23.0,27.674522
29.8,29.667286,30.6,28.121342
33.1,30.63401,25.9,28.366346
26.9,31.025517,24.3,28.979385
24.8,26.836895,26.7,28.353643
23.0,25.908598,30.8,28.245684
22.1,25.89,24.8,27.21974
31.7,25.47904,25.8,26.798445
28.4,31.513046,29.7,28.318537
30.3,27.861795,28.0,28.075886
23.5,28.918562,26.2,28.426304
23.0,24.412043,23.4,27.82314
30.6,25.704264,28.7,27.319874
25.9,30.27256,30.1,28.334852
24.3,26.551182,33.4,27.641758
26.7,25.777994,33.3,27.031528
30.8,27.935972,33.6,26.687008
24.8,29.885254,24.7,27.307766
25.8,24.3178,27.1,26.848724
29.7,27.482143,24.6,27.304333
28.0,29.627707,32.8,27.757557
26.2,27.352142,27.6,27.407753
23.4,26.08407,24.9,26.894398
28.7,25.50834,23.7,26.766584
30.1,30.072783,25.4,27.82686
33.4,30.37606,30.2,28.040207
33.3,32.20279,25.1,29.003752
33.6,30.913788,31.1,29.55564
24.7,31.33304,34.5,29.671764
27.1,26.152422,28.7,28.972912
24.6,29.354145,27.7,28.859531
32.8,27.600971,28.9,28.572342
27.6,32.454334,29.1,29.426647
24.9,28.344845,30.1,28.788177
23.7,26.386644,27.8,28.891453
25.4,25.418535,27.1,28.199987
30.2,28.07853,28.1,27.401184
25.1,30.787113,27.6,28.79089
31.1,24.830606,30.6,28.254145
34.5,31.837746,30.6,28.512135
28.7,31.2287,30.9,29.018288
27.7,26.531841,28.7,28.43991
28.9,28.597689,27.7,28.56465
29.1,28.634087,27.9,28.60441
30.1,29.12204,28.9,28.346722
27.8,30.384478,28.5,28.730558
27.1,27.698215,25.6,28.189413
28.1,28.565796,26.2,28.272488
27.6,29.222664,27.0,28.307816
30.6,28.431246,28.0,28.23941
30.6,30.422052,23.6,29.046415
30.9,30.951939,21.8,28.935852
28.7,31.329319,25.0,28.8917
27.7,27.779505,27.2,28.498997
27.9,28.513836,28.0,28.272459
28.9,29.411945,28.1,28.30053
28.5,29.34485,30.3,28.370314
25.6,27.672634,32.3,28.135666
26.2,27.351189,24.8,27.805182
27.0,28.141644,25.4,27.843603
28.0,28.832113,29.4,27.845379
23.6,28.920792,24.4,27.90371
21.8,25.670376,24.4,27.666012
25.0,24.320206,24.4,27.336437
27.2,26.841322,26.1,26.740425
28.0,28.224926,28.3,26.754452
28.1,27.825718,29.8,27.462309
30.3,28.403002,24.0,27.47547
32.3,30.535793,25.8,27.78974
24.8,31.304825,28.7,28.251266
25.4,22.64107,29.3,27.925474
29.4,27.081139,30.9,27.23037
24.4,27.646763,33.3,27.732576
24.4,25.92028,28.5,27.21665
24.4,25.647366,30.1,27.06422
26.1,24.60797,31.8,26.959309
28.3,28.032736,27.1,27.144787
29.8,28.529333,31.5,27.287207
24.0,27.710447,33.7,27.91019
25.8,25.18617,33.7,27.468666
28.7,27.459593,31.9,27.19361
29.3,28.859755,28.9,26.562674
30.9,28.73449,29.5,27.32124
33.3,29.921785,30.8,27.783133
28.5,30.18448,32.7,27.852125
30.1,26.84401,32.0,26.76591
31.8,28.862642,35.3,27.560768
27.1,29.98679,33.8,28.655733
31.5,26.596937,33.5,28.668701
33.7,31.336569,31.7,28.862417
33.7,33.38172,28.1,29.646969
31.9,31.315334,26.0,29.736685
28.9,29.347298,27.7,30.220314
29.5,28.842783,25.0,29.93384
30.8,30.519234,28.6,29.762962
32.7,31.94291,29.4,30.024546
32.0,32.7066,29.8,30.354109
35.3,31.880693,32.6,30.382692
33.8,33.26106,33.0,30.779268
33.5,31.63808,32.4,30.789927
31.7,32.63896,32.1,31.024761
28.1,32.379585,29.7,31.185085
26.0,28.740992,30.2,30.57969
27.7,27.748518,30.2,29.723543
25.0,29.834185,35.1,29.12297
28.6,27.38256,31.7,29.03537
29.4,30.287874,25.8,29.141779
29.8,29.991844,24.1,29.16267
32.6,29.986952,25.9,29.129406
33.0,31.694683,27.1,29.43407
32.4,31.545643,30.7,29.571733
32.1,32.118317,33.3,29.64675
29.7,31.00707,27.6,29.422035
30.2,30.494167,26.1,29.13293
30.2,29.596891,27.7,28.994154
35.1,30.602327,31.1,29.22941
31.7,33.127357,31.5,30.340353
25.8,29.970882,33.2,30.381037
24.1,28.017754,28.9,29.783773
25.9,27.945639,33.5,29.018402
27.1,27.543999,30.6,28.73358
30.7,29.136652,31.7,28.3612
33.3,31.271465,33.7,29.128792
27.6,31.010323,25.6,29.699537
26.1,27.468662,29.3,28.869486
27.7,27.849306,29.3,28.476454
31.1,29.47199,29.7,28.487375
31.5,30.743038,30.1,28.947353
33.2,30.92545,31.4,29.01374
28.9,32.559616,26.7,29.39055
33.5,28.001099,26.7,28.955324
30.6,32.158993,30.9,29.660748
31.7,28.18177,33.3,29.790596
33.7,30.622274,26.5,30.106232
25.6,33.174625,26.0,30.304623
29.3,26.140278,24.9,29.420835
29.3,30.146347,28.9,29.337177
29.7,30.525755,33.1,29.367928
30.1,30.62192,31.5,29.485876
31.4,28.79039,33.1,29.620258
26.7,31.484818,35.8,29.82858
26.7,27.381369,28.8,29.312428
30.9,29.149399,22.0,29.089558
33.3,32.196823,29.5,29.640192
26.5,33.16123,28.3,30.009209
26.0,26.414812,28.6,29.40232
24.9,27.138817,27.7,28.68031
28.9,26.675728,30.2,28.031313
33.1,29.97192,34.7,28.26321
31.5,31.585884,36.5,29.541622
33.1,31.035467,37.6,29.47553
35.8,32.706253,23.3,29.661446
28.8,32.73456,29.3,29.983267
22.0,27.170383,25.5,29.447033
29.5,25.742167,26.8,29.2845
28.3,29.70511,29.3,28.87844
28.6,29.40873,31.1,28.556355
27.7,29.307089,32.7,28.623032
30.2,28.32545,36.5,28.490255
34.7,30.543364,26.8,28.77338
36.5,32.45319,29.4,29.832605
37.6,32.620277,29.1,30.445524
23.3,34.209187,29.5,30.716202
29.3,23.934467,32.0,29.912119
25.5,30.884724,31.3,29.091722
26.8,28.208195,33.3,28.80778
29.3,29.054634,34.2,29.006937
31.1,30.854439,35.0,29.64203
32.7,31.493301,35.4,29.995
36.5,32.93592,29.9,30.513552
26.8,35.06071,37.6,30.95323
29.4,27.744682,28.4,30.015455
29.1,28.661549,29.4,29.802523
29.5,30.108908,27.0,29.198086
32.0,29.37888,32.8,28.493402
31.3,31.606796,35.4,29.6139
33.3,30.931446,32.7,29.65679
34.2,33.206898,30.5,30.08992
35.0,33.210297,32.0,30.494892
35.4,32.358124,28.9,30.977041
29.9,33.758877,31.6,31.263723
37.6,30.224163,27.8,30.701796
28.4,35.043404,27.8,31.281382
29.4,27.250025,29.3,30.269575
27.0,30.246717,21.9,30.380875
32.8,29.814516,22.5,30.056458
35.4,33.489906,19.6,30.584545
32.7,33.188,22.7,31.30167
30.5,32.13887,22.4,31.06763
32.0,31.142761,25.4,30.82388
28.9,30.81248,29.4,30.612371
31.6,29.61088,30.6,30.126438
27.8,32.608223,25.5,30.47282
27.8,28.204588,25.9,29.933834
29.3,30.103779,26.9,29.447132
21.9,29.94516,27.5,29.352299
22.5,24.596706,25.6,28.799374
19.6,26.977482,26.2,28.074776
22.7,23.40453,29.4,27.603035
22.4,25.71656,31.5,26.997984
25.4,25.274527,31.3,26.307774
29.4,26.857788,27.8,26.162907
30.6,29.578644,28.1,27.124336
25.5,29.699821,31.4,27.530977
25.9,25.149715,31.6,26.512936
26.9,26.86,26.1,26.329767
27.5,26.638515,28.3,26.208696
25.6,27.31023,27.3,25.653866
26.2,27.074549,28.7,26.43256
29.4,26.741804,28.0,26.51459
31.5,29.670412,30.1,27.180319
31.3,30.08739,26.6,28.01877
27.8,28.727837,27.7,28.54406
28.1,27.736862,33.0,28.390728
31.4,29.48598,30.1,28.232296
31.6,30.965866,28.2,28.481415
26.1,30.75747,24.9,28.770172
28.3,26.63521,28.4,28.300652
27.3,29.281456,33.2,28.2654
28.7,28.446178,30.2,28.121464
28.0,28.954601,29.9,28.504759
30.1,28.466393,25.6,28.429874
26.6,29.568586,32.3,28.806587
27.7,27.279549,28.9,28.188656
33.0,28.246714,22.9,27.790077
30.1,32.896942,28.5,29.436762
28.2,27.849167,31.7,29.285767
24.9,28.067019,31.1,28.792
28.4,27.092636,32.0,28.079367
33.2,28.712322,33.6,28.22167
30.2,32.84858,22.8,29.289015
29.9,29.96784,23.7,29.495161
25.6,29.292267,31.5,29.351809
32.3,28.024706,33.0,28.52202
28.9,30.566341,34.0,28.840942
22.9,27.449043,33.5,29.219982
28.5,23.851707,32.0,29.047073
31.7,29.816868,34.1,28.152573
31.1,31.330425,34.6,28.983387
32.0,31.491592,35.8,29.143322
33.6,31.621624,35.3,29.44309
22.8,31.91698,32.0,29.811714
23.7,24.541502,30.9,28.902027
31.5,27.130705,32.6,28.304996
33.0,31.411331,25.3,28.793201
34.0,32.97663,27.4,29.779354
33.5,32.68065,28.3,29.998476
32.0,31.875011,27.2,30.014084
34.1,30.955393,31.8,30.077347
34.6,32.536003,31.3,30.353416
35.8,32.27974,31.2,30.671053
35.3,34.25183,33.8,30.93878
32.0,32.431694,32.1,30.962036
30.9,31.540604,33.0,30.858643
32.6,31.52346,33.1,30.832209
25.3,32.482178,27.2,31.024069
27.4,27.429607,27.6,30.453823
28.3,30.117016,27.6,29.950947
27.2,29.960135,27.9,29.789955
31.8,28.168795,27.9,29.30658
31.3,31.741985,31.0,29.781292
31.2,31.27415,35.2,30.12163
33.8,31.66837,37.2,30.004978
32.1,31.569994,35.2,30.261631
33.0,31.81999,36.8,29.851885
33.1,32.269936,29.6,30.073261
27.2,30.804996,24.9,30.131367
27.6,27.930527,23.5,29.104269
27.6,29.19791,24.8,29.385633
27.9,29.630663,29.6,29.187317
27.9,29.054785,30.6,28.827475
31.0,28.5219,30.1,28.764606
35.2,30.799881,28.6,29.28366
37.2,32.941814,32.8,30.242804
35.2,34.55724,31.7,30.53623
36.8,33.77848,26.5,30.634272
29.6,33.61183,31.2,30.726372
24.9,28.672798,27.5,29.89648
23.5,25.517683,29.8,28.49316
24.8,26.89825,30.7,28.344563
29.6,27.73291,35.3,28.296997
30.6,30.885742,26.3,28.880442
30.1,31.69384,29.3,29.832285
28.6,30.947935,31.1,29.79239
32.8,29.624504,32.9,29.321808
31.7,31.87756,29.9,29.585833
26.5,30.86518,32.6,29.427544
31.2,27.094929,29.9,29.119778
27.5,31.04078,32.8,29.091982
29.8,28.332052,30.9,28.356339
30.7,30.065681,25.0,28.764269
35.3,30.535793,19.9,29.15887
26.3,29.934727,24.4,30.23317
29.3,26.66493,25.2,29.529745
31.1,30.336895,26.2,29.510881
32.9,31.419128,27.7,29.802036
29.9,31.806667,30.8,29.991068
32.6,30.538183,32.2,29.947376
29.9,32.70883,36.2,30.166826
32.8,29.105164,31.8,30.089655
30.9,32.51545,25.5,30.226635
25.0,30.61698,25.1,30.253437
19.9,27.309174,27.7,29.606153
24.4,24.672646,30.0,28.963913
25.2,27.640553,32.0,27.945518
26.2,27.100033,31.0,27.797499
27.7,26.947245,30.8,27.700895
30.8,28.289028,35.5,27.648151
32.2,30.673012,26.0,28.358746
36.2,30.70903,34.6,28.683762
31.8,33.557045,32.7,29.233135
25.5,27.906511,27.3,29.277275
25.1,25.552761,28.6,28.740536
27.7,27.316145,34.0,27.69798
30.0,28.678062,26.9,27.96477
32.0,30.547892,26.5,28.980145
31.0,31.644417,28.9,29.653656
30.8,30.00776,28.8,29.514019
35.5,29.752941,31.2,29.332047
26.0,34.346188,33.8,30.512432
34.6,26.487097,34.1,29.362831
32.7,33.89557,36.1,30.297873
27.3,28.743504,36.5,29.9241
28.6,28.44775,33.8,28.902979
34.0,30.623491,34.1,29.57738
26.9,31.758318,33.2,30.225368
26.5,27.784416,33.9,29.83485
28.9,28.771526,35.0,29.617592
28.8,30.859446,36.6,29.615992
31.2,30.09625,36.4,29.300747
33.8,31.631098,37.1,29.598274
34.1,32.542374,38.0,30.075115
36.1,32.14986,30.7,30.183746
36.5,33.957165,34.3,30.34031
33.8,33.56269,35.1,30.535826
34.1,31.85096,38.6,30.915497
33.2,33.098965,32.7,30.853853
33.9,32.455032,29.3,30.476187
35.0,32.99382,29.3,30.870983
36.6,33.37005,29.3,31.310875
36.4,34.99862,29.3,31.513115
37.1,34.424957,29.3,31.674328
38.0,35.057392,29.3,31.965118
30.7,34.512756,29.3,32.261414
34.3,31.276825,29.3,31.75903
35.1,33.80989,29.3,31.786499
38.6,33.34977,29.3,31.699762
32.7,35.375217,29.3,32.073406
29.3,31.729366,29.3,31.942944
29.3,29.207306,29.3,32.015568
29.3,31.773815,29.3,31.020166
29.3,32.2216,29.3,31.19743
29.3,31.293245,29.3,30.933605
29.3,30.933449,29.3,30.526865
29.3,30.671024,29.3,30.298532
29.3,29.46207,29.3,29.933826
29.3,30.548845,29.3,29.639189
29.3,30.862757,29.3,29.676588
29.3,28.195086,29.3,29.583355
29.3,28.66589,29.3,29.121212
29.3,29.959679,29.3,28.581663
29.3,29.1807,29.3,28.557602
29.3,27.963272,29.3,28.68174
29.3,28.755657,29.3,28.64503
29.3,30.026691,29.3,28.941616
29.3,30.60471,29.3,29.066484
29.3,30.61326,29.3,29.029835
29.3,30.320686,29.3,29.18818
29.3,28.02634,30.5,29.302593
29.3,26.463299,30.3,29.34584
29.3,28.22129,30.4,28.89581
29.3,30.854843,32.2,29.63212
29.3,31.077656,30.7,29.872025
29.3,30.941566,29.7,29.607615
29.3,30.043976,28.8,29.41479
29.3,29.474642,28.0,29.2922
29.3,29.64351,28.6,29.171371
29.3,30.626709,32.4,29.274527
29.3,29.94509,33.3,29.484451
30.5,29.887205,28.6,29.281155
30.3,30.886955,31.1,29.195526
30.4,28.925905,28.5,29.108356
32.2,30.589834,29.5,29.110712
30.7,31.035477,29.3,29.481712
29.7,27.606842,28.3,29.81055
28.8,29.119833,28.0,29.559702
28.0,30.159794,29.0,29.403545
28.6,29.255001,30.2,29.264267
32.4,30.199314,29.3,29.229393
33.3,32.704628,28.2,29.7109
28.6,33.321518,23.9,30.291094
31.1,29.249489,29.3,29.757523
28.5,30.798624,30.3,29.781393
29.5,29.24355,31.4,29.548891
29.3,30.668087,33.0,29.660225
28.3,30.886555,29.3,29.448647
28.0,28.497393,32.5,28.932888
29.0,26.942375,33.2,28.957645
30.2,29.060085,28.8,28.973358
